trend_date,search_term,category,interest_score,load_date
2026-01-04,DAF Caminhões Brasil,CAMINHOES,0,2026-05-06 16:26:01.461033
2026-01-11,DAF Caminhões Brasil,CAMINHOES,0,2026-05-06 16:26:01.461034
2026-01-18,DAF Caminhões Brasil,CAMINHOES,0,2026-05-06 16:26:01.461035
2026-01-25,DAF Caminhões Brasil,CAMINHOES,0,2026-05-06 16:26:01.461036
2026-02-01,DAF Caminhões Brasil,CAMINHOES,0,2026-05-06 16:26:01.461037
2026-02-08,DAF Caminhões Brasil,CAMINHOES,0,2026-05-06 16:26:01.461037
2026-02-15,DAF Caminhões Brasil,CAMINHOES,0,2026-05-06 16:26:01.461038
2026-02-22,DAF Caminhões Brasil,CAMINHOES,0,2026-05-06 16:26:01.461039
2026-03-01,DAF Caminhões Brasil,CAMINHOES,0,2026-05-06 16:26:01.461040
2026-03-08,DAF Caminhões Brasil,CAMINHOES,0,2026-05-06 16:26:01.461041
2026-03-15,DAF Caminhões Brasil,CAMINHOES,0,2026-05-06 16:26:01.461042
2026-03-22,DAF Caminhões Brasil,CAMINHOES,0,2026-05-06 16:26:01.461052
2026-03-29,DAF Caminhões Brasil,CAMINHOES,0,2026-05-06 16:26:01.461053
2026-04-05,DAF Caminhões Brasil,CAMINHOES,0,2026-05-06 16:26:01.461054
2026-04-12,DAF Caminhões Brasil,CAMINHOES,0,2026-05-06 16:26:01.461054
2026-04-19,DAF Caminhões Brasil,CAMINHOES,0,2026-05-06 16:26:01.461055
2026-04-26,DAF Caminhões Brasil,CAMINHOES,100,2026-05-06 16:26:01.461056
2026-05-03,DAF Caminhões Brasil,CAMINHOES,0,2026-05-06 16:26:01.461057
2026-05-04,DAF Caminhões Brasil,CAMINHOES,0,2026-05-06 16:26:01.460996
2026-05-11,DAF Caminhões Brasil,CAMINHOES,0,2026-05-06 16:26:01.461003
2026-05-18,DAF Caminhões Brasil,CAMINHOES,0,2026-05-06 16:26:01.461004
2026-05-25,DAF Caminhões Brasil,CAMINHOES,0,2026-05-06 16:26:01.461005
2026-06-01,DAF Caminhões Brasil,CAMINHOES,0,2026-05-06 16:26:01.461006
2026-06-08,DAF Caminhões Brasil,CAMINHOES,0,2026-05-06 16:26:01.461006
2026-06-15,DAF Caminhões Brasil,CAMINHOES,0,2026-05-06 16:26:01.461007
2026-06-22,DAF Caminhões Brasil,CAMINHOES,0,2026-05-06 16:26:01.461008
2026-06-29,DAF Caminhões Brasil,CAMINHOES,0,2026-05-06 16:26:01.461009
2026-07-06,DAF Caminhões Brasil,CAMINHOES,0,2026-05-06 16:26:01.461010
2026-07-13,DAF Caminhões Brasil,CAMINHOES,0,2026-05-06 16:26:01.461011
2026-07-20,DAF Caminhões Brasil,CAMINHOES,0,2026-05-06 16:26:01.461012
2026-07-27,DAF Caminhões Brasil,CAMINHOES,0,2026-05-06 16:26:01.461013
2026-08-03,DAF Caminhões Brasil,CAMINHOES,0,2026-05-06 16:26:01.461013
2026-08-10,DAF Caminhões Brasil,CAMINHOES,0,2026-05-06 16:26:01.461014
2026-08-17,DAF Caminhões Brasil,CAMINHOES,0,2026-05-06 16:26:01.461015
2026-08-24,DAF Caminhões Brasil,CAMINHOES,0,2026-05-06 16:26:01.461016
2026-08-31,DAF Caminhões Brasil,CAMINHOES,0,2026-05-06 16:26:01.461017
2026-09-07,DAF Caminhões Brasil,CAMINHOES,0,2026-05-06 16:26:01.461018
2026-09-14,DAF Caminhões Brasil,CAMINHOES,0,2026-05-06 16:26:01.461019
2026-09-21,DAF Caminhões Brasil,CAMINHOES,0,2026-05-06 16:26:01.461020
2026-09-28,DAF Caminhões Brasil,CAMINHOES,0,2026-05-06 16:26:01.461021
2026-10-05,DAF Caminhões Brasil,CAMINHOES,0,2026-05-06 16:26:01.461021
2026-10-12,DAF Caminhões Brasil,CAMINHOES,0,2026-05-06 16:26:01.461022
2026-10-19,DAF Caminhões Brasil,CAMINHOES,0,2026-05-06 16:26:01.461023
2026-10-26,DAF Caminhões Brasil,CAMINHOES,0,2026-05-06 16:26:01.461024
2026-11-02,DAF Caminhões Brasil,CAMINHOES,0,2026-05-06 16:26:01.461025
2026-11-09,DAF Caminhões Brasil,CAMINHOES,0,2026-05-06 16:26:01.461026
2026-11-16,DAF Caminhões Brasil,CAMINHOES,0,2026-05-06 16:26:01.461027
2026-11-23,DAF Caminhões Brasil,CAMINHOES,0,2026-05-06 16:26:01.461028
2026-11-30,DAF Caminhões Brasil,CAMINHOES,0,2026-05-06 16:26:01.461028
2026-12-07,DAF Caminhões Brasil,CAMINHOES,0,2026-05-06 16:26:01.461029
2026-12-14,DAF Caminhões Brasil,CAMINHOES,0,2026-05-06 16:26:01.461030
2026-12-21,DAF Caminhões Brasil,CAMINHOES,0,2026-05-06 16:26:01.461031
2026-01-04,Mercedes-Benz Caminhões,CAMINHOES,0,2026-05-06 16:25:55.588151
2026-01-11,Mercedes-Benz Caminhões,CAMINHOES,73,2026-05-06 16:25:55.588152
2026-01-18,Mercedes-Benz Caminhões,CAMINHOES,0,2026-05-06 16:25:55.588153
2026-01-25,Mercedes-Benz Caminhões,CAMINHOES,100,2026-05-06 16:25:55.588154
2026-02-01,Mercedes-Benz Caminhões,CAMINHOES,0,2026-05-06 16:25:55.588155
2026-02-08,Mercedes-Benz Caminhões,CAMINHOES,69,2026-05-06 16:25:55.588156
2026-02-15,Mercedes-Benz Caminhões,CAMINHOES,0,2026-05-06 16:25:55.588157
2026-02-22,Mercedes-Benz Caminhões,CAMINHOES,59,2026-05-06 16:25:55.588159
2026-03-01,Mercedes-Benz Caminhões,CAMINHOES,0,2026-05-06 16:25:55.588160
2026-03-08,Mercedes-Benz Caminhões,CAMINHOES,0,2026-05-06 16:25:55.588161
2026-03-15,Mercedes-Benz Caminhões,CAMINHOES,0,2026-05-06 16:25:55.588162
2026-03-22,Mercedes-Benz Caminhões,CAMINHOES,0,2026-05-06 16:25:55.588163
2026-03-29,Mercedes-Benz Caminhões,CAMINHOES,0,2026-05-06 16:25:55.588164
2026-04-05,Mercedes-Benz Caminhões,CAMINHOES,0,2026-05-06 16:25:55.588165
2026-04-12,Mercedes-Benz Caminhões,CAMINHOES,0,2026-05-06 16:25:55.588166
2026-04-19,Mercedes-Benz Caminhões,CAMINHOES,22,2026-05-06 16:25:55.588167
2026-04-26,Mercedes-Benz Caminhões,CAMINHOES,43,2026-05-06 16:25:55.588168
2026-05-03,Mercedes-Benz Caminhões,CAMINHOES,33,2026-05-06 16:25:55.588169
2026-05-04,Mercedes-Benz Caminhões,CAMINHOES,0,2026-05-06 16:25:55.588107
2026-05-11,Mercedes-Benz Caminhões,CAMINHOES,80,2026-05-06 16:25:55.588114
2026-05-18,Mercedes-Benz Caminhões,CAMINHOES,64,2026-05-06 16:25:55.588115
2026-05-25,Mercedes-Benz Caminhões,CAMINHOES,63,2026-05-06 16:25:55.588116
2026-06-01,Mercedes-Benz Caminhões,CAMINHOES,0,2026-05-06 16:25:55.588117
2026-06-08,Mercedes-Benz Caminhões,CAMINHOES,0,2026-05-06 16:25:55.588118
2026-06-15,Mercedes-Benz Caminhões,CAMINHOES,0,2026-05-06 16:25:55.588119
2026-06-22,Mercedes-Benz Caminhões,CAMINHOES,0,2026-05-06 16:25:55.588120
2026-06-29,Mercedes-Benz Caminhões,CAMINHOES,0,2026-05-06 16:25:55.588121
2026-07-06,Mercedes-Benz Caminhões,CAMINHOES,0,2026-05-06 16:25:55.588122
2026-07-13,Mercedes-Benz Caminhões,CAMINHOES,0,2026-05-06 16:25:55.588123
2026-07-20,Mercedes-Benz Caminhões,CAMINHOES,0,2026-05-06 16:25:55.588124
2026-07-27,Mercedes-Benz Caminhões,CAMINHOES,0,2026-05-06 16:25:55.588125
2026-08-03,Mercedes-Benz Caminhões,CAMINHOES,0,2026-05-06 16:25:55.588126
2026-08-10,Mercedes-Benz Caminhões,CAMINHOES,0,2026-05-06 16:25:55.588127
2026-08-17,Mercedes-Benz Caminhões,CAMINHOES,0,2026-05-06 16:25:55.588128
2026-08-24,Mercedes-Benz Caminhões,CAMINHOES,0,2026-05-06 16:25:55.588129
2026-08-31,Mercedes-Benz Caminhões,CAMINHOES,69,2026-05-06 16:25:55.588130
2026-09-07,Mercedes-Benz Caminhões,CAMINHOES,0,2026-05-06 16:25:55.588130
2026-09-14,Mercedes-Benz Caminhões,CAMINHOES,0,2026-05-06 16:25:55.588131
2026-09-21,Mercedes-Benz Caminhões,CAMINHOES,0,2026-05-06 16:25:55.588133
2026-09-28,Mercedes-Benz Caminhões,CAMINHOES,67,2026-05-06 16:25:55.588134
2026-10-05,Mercedes-Benz Caminhões,CAMINHOES,0,2026-05-06 16:25:55.588135
2026-10-12,Mercedes-Benz Caminhões,CAMINHOES,0,2026-05-06 16:25:55.588136
2026-10-19,Mercedes-Benz Caminhões,CAMINHOES,0,2026-05-06 16:25:55.588138
2026-10-26,Mercedes-Benz Caminhões,CAMINHOES,0,2026-05-06 16:25:55.588139
2026-11-02,Mercedes-Benz Caminhões,CAMINHOES,62,2026-05-06 16:25:55.588140
2026-11-09,Mercedes-Benz Caminhões,CAMINHOES,0,2026-05-06 16:25:55.588141
2026-11-16,Mercedes-Benz Caminhões,CAMINHOES,81,2026-05-06 16:25:55.588142
2026-11-23,Mercedes-Benz Caminhões,CAMINHOES,0,2026-05-06 16:25:55.588143
2026-11-30,Mercedes-Benz Caminhões,CAMINHOES,0,2026-05-06 16:25:55.588144
2026-12-07,Mercedes-Benz Caminhões,CAMINHOES,0,2026-05-06 16:25:55.588145
2026-12-14,Mercedes-Benz Caminhões,CAMINHOES,0,2026-05-06 16:25:55.588147
2026-12-21,Mercedes-Benz Caminhões,CAMINHOES,0,2026-05-06 16:25:55.588148
2026-01-04,Scania Caminhões Brasil,CAMINHOES,0,2026-05-06 16:24:59.033761
2026-01-11,Scania Caminhões Brasil,CAMINHOES,0,2026-05-06 16:24:59.033763
2026-01-18,Scania Caminhões Brasil,CAMINHOES,0,2026-05-06 16:24:59.033763
2026-01-25,Scania Caminhões Brasil,CAMINHOES,0,2026-05-06 16:24:59.033764
2026-02-01,Scania Caminhões Brasil,CAMINHOES,0,2026-05-06 16:24:59.033765
2026-02-08,Scania Caminhões Brasil,CAMINHOES,0,2026-05-06 16:24:59.033766
2026-02-15,Scania Caminhões Brasil,CAMINHOES,0,2026-05-06 16:24:59.033771
2026-02-22,Scania Caminhões Brasil,CAMINHOES,0,2026-05-06 16:24:59.033772
2026-03-01,Scania Caminhões Brasil,CAMINHOES,0,2026-05-06 16:24:59.033773
2026-03-08,Scania Caminhões Brasil,CAMINHOES,0,2026-05-06 16:24:59.033774
2026-03-15,Scania Caminhões Brasil,CAMINHOES,0,2026-05-06 16:24:59.033775
2026-03-22,Scania Caminhões Brasil,CAMINHOES,0,2026-05-06 16:24:59.033776
2026-03-29,Scania Caminhões Brasil,CAMINHOES,0,2026-05-06 16:24:59.033777
2026-04-05,Scania Caminhões Brasil,CAMINHOES,0,2026-05-06 16:24:59.033778
2026-04-12,Scania Caminhões Brasil,CAMINHOES,0,2026-05-06 16:24:59.033779
2026-04-19,Scania Caminhões Brasil,CAMINHOES,50,2026-05-06 16:24:59.033780
2026-04-26,Scania Caminhões Brasil,CAMINHOES,93,2026-05-06 16:24:59.033781
2026-05-03,Scania Caminhões Brasil,CAMINHOES,100,2026-05-06 16:24:59.033782
2026-05-04,Scania Caminhões Brasil,CAMINHOES,0,2026-05-06 16:24:59.033721
2026-05-11,Scania Caminhões Brasil,CAMINHOES,0,2026-05-06 16:24:59.033730
2026-05-18,Scania Caminhões Brasil,CAMINHOES,0,2026-05-06 16:24:59.033731
2026-05-25,Scania Caminhões Brasil,CAMINHOES,0,2026-05-06 16:24:59.033733
2026-06-01,Scania Caminhões Brasil,CAMINHOES,0,2026-05-06 16:24:59.033733
2026-06-08,Scania Caminhões Brasil,CAMINHOES,0,2026-05-06 16:24:59.033734
2026-06-15,Scania Caminhões Brasil,CAMINHOES,0,2026-05-06 16:24:59.033735
2026-06-22,Scania Caminhões Brasil,CAMINHOES,0,2026-05-06 16:24:59.033736
2026-06-29,Scania Caminhões Brasil,CAMINHOES,0,2026-05-06 16:24:59.033737
2026-07-06,Scania Caminhões Brasil,CAMINHOES,0,2026-05-06 16:24:59.033738
2026-07-13,Scania Caminhões Brasil,CAMINHOES,0,2026-05-06 16:24:59.033739
2026-07-20,Scania Caminhões Brasil,CAMINHOES,0,2026-05-06 16:24:59.033740
2026-07-27,Scania Caminhões Brasil,CAMINHOES,0,2026-05-06 16:24:59.033741
2026-08-03,Scania Caminhões Brasil,CAMINHOES,0,2026-05-06 16:24:59.033742
2026-08-10,Scania Caminhões Brasil,CAMINHOES,0,2026-05-06 16:24:59.033742
2026-08-17,Scania Caminhões Brasil,CAMINHOES,0,2026-05-06 16:24:59.033743
2026-08-24,Scania Caminhões Brasil,CAMINHOES,0,2026-05-06 16:24:59.033744
2026-08-31,Scania Caminhões Brasil,CAMINHOES,0,2026-05-06 16:24:59.033745
2026-09-07,Scania Caminhões Brasil,CAMINHOES,0,2026-05-06 16:24:59.033746
2026-09-14,Scania Caminhões Brasil,CAMINHOES,0,2026-05-06 16:24:59.033747
2026-09-21,Scania Caminhões Brasil,CAMINHOES,0,2026-05-06 16:24:59.033748
2026-09-28,Scania Caminhões Brasil,CAMINHOES,0,2026-05-06 16:24:59.033749
2026-10-05,Scania Caminhões Brasil,CAMINHOES,0,2026-05-06 16:24:59.033750
2026-10-12,Scania Caminhões Brasil,CAMINHOES,0,2026-05-06 16:24:59.033750
2026-10-19,Scania Caminhões Brasil,CAMINHOES,0,2026-05-06 16:24:59.033752
2026-10-26,Scania Caminhões Brasil,CAMINHOES,0,2026-05-06 16:24:59.033752
2026-11-02,Scania Caminhões Brasil,CAMINHOES,0,2026-05-06 16:24:59.033753
2026-11-09,Scania Caminhões Brasil,CAMINHOES,0,2026-05-06 16:24:59.033754
2026-11-16,Scania Caminhões Brasil,CAMINHOES,0,2026-05-06 16:24:59.033755
2026-11-23,Scania Caminhões Brasil,CAMINHOES,0,2026-05-06 16:24:59.033756
2026-11-30,Scania Caminhões Brasil,CAMINHOES,0,2026-05-06 16:24:59.033757
2026-12-07,Scania Caminhões Brasil,CAMINHOES,0,2026-05-06 16:24:59.033758
2026-12-14,Scania Caminhões Brasil,CAMINHOES,0,2026-05-06 16:24:59.033759
2026-12-21,Scania Caminhões Brasil,CAMINHOES,0,2026-05-06 16:24:59.033760
2026-01-04,Volkswagen Caminhões,CAMINHOES,97,2026-05-06 16:27:05.906072
2026-01-11,Volkswagen Caminhões,CAMINHOES,80,2026-05-06 16:27:05.906073
2026-01-18,Volkswagen Caminhões,CAMINHOES,90,2026-05-06 16:27:05.906074
2026-01-25,Volkswagen Caminhões,CAMINHOES,67,2026-05-06 16:27:05.906075
2026-02-01,Volkswagen Caminhões,CAMINHOES,75,2026-05-06 16:27:05.906076
2026-02-08,Volkswagen Caminhões,CAMINHOES,65,2026-05-06 16:27:05.906077
2026-02-15,Volkswagen Caminhões,CAMINHOES,52,2026-05-06 16:27:05.906077
2026-02-22,Volkswagen Caminhões,CAMINHOES,86,2026-05-06 16:27:05.906078
2026-03-01,Volkswagen Caminhões,CAMINHOES,87,2026-05-06 16:27:05.906079
2026-03-08,Volkswagen Caminhões,CAMINHOES,61,2026-05-06 16:27:05.906080
2026-03-15,Volkswagen Caminhões,CAMINHOES,73,2026-05-06 16:27:05.906081
2026-03-22,Volkswagen Caminhões,CAMINHOES,68,2026-05-06 16:27:05.906082
2026-03-29,Volkswagen Caminhões,CAMINHOES,75,2026-05-06 16:27:05.906083
2026-04-05,Volkswagen Caminhões,CAMINHOES,73,2026-05-06 16:27:05.906084
2026-04-12,Volkswagen Caminhões,CAMINHOES,67,2026-05-06 16:27:05.906085
2026-04-19,Volkswagen Caminhões,CAMINHOES,45,2026-05-06 16:27:05.906085
2026-04-26,Volkswagen Caminhões,CAMINHOES,66,2026-05-06 16:27:05.906086
2026-05-03,Volkswagen Caminhões,CAMINHOES,71,2026-05-06 16:27:05.906087
2026-05-04,Volkswagen Caminhões,CAMINHOES,48,2026-05-06 16:27:05.906006
2026-05-11,Volkswagen Caminhões,CAMINHOES,89,2026-05-06 16:27:05.906011
2026-05-18,Volkswagen Caminhões,CAMINHOES,60,2026-05-06 16:27:05.906012
2026-05-25,Volkswagen Caminhões,CAMINHOES,64,2026-05-06 16:27:05.906013
2026-06-01,Volkswagen Caminhões,CAMINHOES,69,2026-05-06 16:27:05.906014
2026-06-08,Volkswagen Caminhões,CAMINHOES,67,2026-05-06 16:27:05.906015
2026-06-15,Volkswagen Caminhões,CAMINHOES,40,2026-05-06 16:27:05.906016
2026-06-22,Volkswagen Caminhões,CAMINHOES,73,2026-05-06 16:27:05.906045
2026-06-29,Volkswagen Caminhões,CAMINHOES,57,2026-05-06 16:27:05.906046
2026-07-06,Volkswagen Caminhões,CAMINHOES,90,2026-05-06 16:27:05.906047
2026-07-13,Volkswagen Caminhões,CAMINHOES,71,2026-05-06 16:27:05.906048
2026-07-20,Volkswagen Caminhões,CAMINHOES,61,2026-05-06 16:27:05.906049
2026-07-27,Volkswagen Caminhões,CAMINHOES,55,2026-05-06 16:27:05.906050
2026-08-03,Volkswagen Caminhões,CAMINHOES,44,2026-05-06 16:27:05.906051
2026-08-10,Volkswagen Caminhões,CAMINHOES,76,2026-05-06 16:27:05.906052
2026-08-17,Volkswagen Caminhões,CAMINHOES,86,2026-05-06 16:27:05.906053
2026-08-24,Volkswagen Caminhões,CAMINHOES,55,2026-05-06 16:27:05.906053
2026-08-31,Volkswagen Caminhões,CAMINHOES,68,2026-05-06 16:27:05.906054
2026-09-07,Volkswagen Caminhões,CAMINHOES,83,2026-05-06 16:27:05.906055
2026-09-14,Volkswagen Caminhões,CAMINHOES,69,2026-05-06 16:27:05.906056
2026-09-21,Volkswagen Caminhões,CAMINHOES,77,2026-05-06 16:27:05.906057
2026-09-28,Volkswagen Caminhões,CAMINHOES,56,2026-05-06 16:27:05.906058
2026-10-05,Volkswagen Caminhões,CAMINHOES,93,2026-05-06 16:27:05.906059
2026-10-12,Volkswagen Caminhões,CAMINHOES,50,2026-05-06 16:27:05.906060
2026-10-19,Volkswagen Caminhões,CAMINHOES,68,2026-05-06 16:27:05.906061
2026-10-26,Volkswagen Caminhões,CAMINHOES,96,2026-05-06 16:27:05.906062
2026-11-02,Volkswagen Caminhões,CAMINHOES,79,2026-05-06 16:27:05.906064
2026-11-09,Volkswagen Caminhões,CAMINHOES,83,2026-05-06 16:27:05.906065
2026-11-16,Volkswagen Caminhões,CAMINHOES,100,2026-05-06 16:27:05.906065
2026-11-23,Volkswagen Caminhões,CAMINHOES,82,2026-05-06 16:27:05.906066
2026-11-30,Volkswagen Caminhões,CAMINHOES,85,2026-05-06 16:27:05.906067
2026-12-07,Volkswagen Caminhões,CAMINHOES,99,2026-05-06 16:27:05.906068
2026-12-14,Volkswagen Caminhões,CAMINHOES,86,2026-05-06 16:27:05.906069
2026-12-21,Volkswagen Caminhões,CAMINHOES,56,2026-05-06 16:27:05.906070
2026-01-04,BYD Brasil,ELETRICOS,42,2026-05-06 16:21:58.120138
2026-01-11,BYD Brasil,ELETRICOS,48,2026-05-06 16:21:58.120140
2026-01-18,BYD Brasil,ELETRICOS,49,2026-05-06 16:21:58.120142
2026-01-25,BYD Brasil,ELETRICOS,41,2026-05-06 16:21:58.120144
2026-02-01,BYD Brasil,ELETRICOS,42,2026-05-06 16:21:58.120146
2026-02-08,BYD Brasil,ELETRICOS,46,2026-05-06 16:21:58.120149
2026-02-15,BYD Brasil,ELETRICOS,50,2026-05-06 16:21:58.120150
2026-02-22,BYD Brasil,ELETRICOS,51,2026-05-06 16:21:58.120152
2026-03-01,BYD Brasil,ELETRICOS,57,2026-05-06 16:21:58.120154
2026-03-08,BYD Brasil,ELETRICOS,70,2026-05-06 16:21:58.120156
2026-03-15,BYD Brasil,ELETRICOS,88,2026-05-06 16:21:58.120158
2026-03-22,BYD Brasil,ELETRICOS,100,2026-05-06 16:21:58.120159
2026-03-29,BYD Brasil,ELETRICOS,94,2026-05-06 16:21:58.120161
2026-04-05,BYD Brasil,ELETRICOS,83,2026-05-06 16:21:58.120163
2026-04-12,BYD Brasil,ELETRICOS,87,2026-05-06 16:21:58.120165
2026-04-19,BYD Brasil,ELETRICOS,70,2026-05-06 16:21:58.120166
2026-04-26,BYD Brasil,ELETRICOS,61,2026-05-06 16:21:58.120168
2026-05-03,BYD Brasil,ELETRICOS,58,2026-05-06 16:21:58.120170
2026-05-04,BYD Brasil,ELETRICOS,29,2026-05-06 16:21:58.120074
2026-05-11,BYD Brasil,ELETRICOS,32,2026-05-06 16:21:58.120083
2026-05-18,BYD Brasil,ELETRICOS,32,2026-05-06 16:21:58.120084
2026-05-25,BYD Brasil,ELETRICOS,40,2026-05-06 16:21:58.120086
2026-06-01,BYD Brasil,ELETRICOS,37,2026-05-06 16:21:58.120087
2026-06-08,BYD Brasil,ELETRICOS,41,2026-05-06 16:21:58.120088
2026-06-15,BYD Brasil,ELETRICOS,32,2026-05-06 16:21:58.120090
2026-06-22,BYD Brasil,ELETRICOS,36,2026-05-06 16:21:58.120092
2026-06-29,BYD Brasil,ELETRICOS,45,2026-05-06 16:21:58.120093
2026-07-06,BYD Brasil,ELETRICOS,36,2026-05-06 16:21:58.120095
2026-07-13,BYD Brasil,ELETRICOS,32,2026-05-06 16:21:58.120097
2026-07-20,BYD Brasil,ELETRICOS,34,2026-05-06 16:21:58.120098
2026-07-27,BYD Brasil,ELETRICOS,41,2026-05-06 16:21:58.120099
2026-08-03,BYD Brasil,ELETRICOS,40,2026-05-06 16:21:58.120101
2026-08-10,BYD Brasil,ELETRICOS,39,2026-05-06 16:21:58.120103
2026-08-17,BYD Brasil,ELETRICOS,33,2026-05-06 16:21:58.120104
2026-08-24,BYD Brasil,ELETRICOS,41,2026-05-06 16:21:58.120106
2026-08-31,BYD Brasil,ELETRICOS,36,2026-05-06 16:21:58.120108
2026-09-07,BYD Brasil,ELETRICOS,34,2026-05-06 16:21:58.120109
2026-09-14,BYD Brasil,ELETRICOS,29,2026-05-06 16:21:58.120111
2026-09-21,BYD Brasil,ELETRICOS,34,2026-05-06 16:21:58.120112
2026-09-28,BYD Brasil,ELETRICOS,35,2026-05-06 16:21:58.120114
2026-10-05,BYD Brasil,ELETRICOS,47,2026-05-06 16:21:58.120115
2026-10-12,BYD Brasil,ELETRICOS,45,2026-05-06 16:21:58.120117
2026-10-19,BYD Brasil,ELETRICOS,38,2026-05-06 16:21:58.120118
2026-10-26,BYD Brasil,ELETRICOS,47,2026-05-06 16:21:58.120120
2026-11-02,BYD Brasil,ELETRICOS,48,2026-05-06 16:21:58.120122
2026-11-09,BYD Brasil,ELETRICOS,42,2026-05-06 16:21:58.120123
2026-11-16,BYD Brasil,ELETRICOS,50,2026-05-06 16:21:58.120125
2026-11-23,BYD Brasil,ELETRICOS,46,2026-05-06 16:21:58.120127
2026-11-30,BYD Brasil,ELETRICOS,49,2026-05-06 16:21:58.120129
2026-12-07,BYD Brasil,ELETRICOS,48,2026-05-06 16:21:58.120130
2026-12-14,BYD Brasil,ELETRICOS,47,2026-05-06 16:21:58.120132
2026-12-21,BYD Brasil,ELETRICOS,55,2026-05-06 16:21:58.120134
2026-01-04,CAOA Chery Elétrico,ELETRICOS,0,2026-05-06 16:23:56.529353
2026-01-11,CAOA Chery Elétrico,ELETRICOS,0,2026-05-06 16:23:56.529354
2026-01-18,CAOA Chery Elétrico,ELETRICOS,0,2026-05-06 16:23:56.529354
2026-01-25,CAOA Chery Elétrico,ELETRICOS,0,2026-05-06 16:23:56.529355
2026-02-01,CAOA Chery Elétrico,ELETRICOS,0,2026-05-06 16:23:56.529356
2026-02-08,CAOA Chery Elétrico,ELETRICOS,0,2026-05-06 16:23:56.529357
2026-02-15,CAOA Chery Elétrico,ELETRICOS,0,2026-05-06 16:23:56.529358
2026-02-22,CAOA Chery Elétrico,ELETRICOS,0,2026-05-06 16:23:56.529359
2026-03-01,CAOA Chery Elétrico,ELETRICOS,0,2026-05-06 16:23:56.529360
2026-03-08,CAOA Chery Elétrico,ELETRICOS,0,2026-05-06 16:23:56.529361
2026-03-15,CAOA Chery Elétrico,ELETRICOS,0,2026-05-06 16:23:56.529361
2026-03-22,CAOA Chery Elétrico,ELETRICOS,0,2026-05-06 16:23:56.529362
2026-03-29,CAOA Chery Elétrico,ELETRICOS,0,2026-05-06 16:23:56.529363
2026-04-05,CAOA Chery Elétrico,ELETRICOS,0,2026-05-06 16:23:56.529364
2026-04-12,CAOA Chery Elétrico,ELETRICOS,0,2026-05-06 16:23:56.529365
2026-04-19,CAOA Chery Elétrico,ELETRICOS,55,2026-05-06 16:23:56.529366
2026-04-26,CAOA Chery Elétrico,ELETRICOS,93,2026-05-06 16:23:56.529367
2026-05-03,CAOA Chery Elétrico,ELETRICOS,100,2026-05-06 16:23:56.529368
2026-05-04,CAOA Chery Elétrico,ELETRICOS,0,2026-05-06 16:23:56.529315
2026-05-11,CAOA Chery Elétrico,ELETRICOS,0,2026-05-06 16:23:56.529321
2026-05-18,CAOA Chery Elétrico,ELETRICOS,0,2026-05-06 16:23:56.529322
2026-05-25,CAOA Chery Elétrico,ELETRICOS,0,2026-05-06 16:23:56.529323
2026-06-01,CAOA Chery Elétrico,ELETRICOS,0,2026-05-06 16:23:56.529324
2026-06-08,CAOA Chery Elétrico,ELETRICOS,0,2026-05-06 16:23:56.529325
2026-06-15,CAOA Chery Elétrico,ELETRICOS,0,2026-05-06 16:23:56.529326
2026-06-22,CAOA Chery Elétrico,ELETRICOS,0,2026-05-06 16:23:56.529327
2026-06-29,CAOA Chery Elétrico,ELETRICOS,0,2026-05-06 16:23:56.529328
2026-07-06,CAOA Chery Elétrico,ELETRICOS,0,2026-05-06 16:23:56.529329
2026-07-13,CAOA Chery Elétrico,ELETRICOS,0,2026-05-06 16:23:56.529330
2026-07-20,CAOA Chery Elétrico,ELETRICOS,0,2026-05-06 16:23:56.529331
2026-07-27,CAOA Chery Elétrico,ELETRICOS,0,2026-05-06 16:23:56.529332
2026-08-03,CAOA Chery Elétrico,ELETRICOS,0,2026-05-06 16:23:56.529332
2026-08-10,CAOA Chery Elétrico,ELETRICOS,0,2026-05-06 16:23:56.529333
2026-08-17,CAOA Chery Elétrico,ELETRICOS,0,2026-05-06 16:23:56.529334
2026-08-24,CAOA Chery Elétrico,ELETRICOS,0,2026-05-06 16:23:56.529335
2026-08-31,CAOA Chery Elétrico,ELETRICOS,0,2026-05-06 16:23:56.529336
2026-09-07,CAOA Chery Elétrico,ELETRICOS,0,2026-05-06 16:23:56.529337
2026-09-14,CAOA Chery Elétrico,ELETRICOS,0,2026-05-06 16:23:56.529338
2026-09-21,CAOA Chery Elétrico,ELETRICOS,0,2026-05-06 16:23:56.529339
2026-09-28,CAOA Chery Elétrico,ELETRICOS,0,2026-05-06 16:23:56.529340
2026-10-05,CAOA Chery Elétrico,ELETRICOS,0,2026-05-06 16:23:56.529341
2026-10-12,CAOA Chery Elétrico,ELETRICOS,0,2026-05-06 16:23:56.529342
2026-10-19,CAOA Chery Elétrico,ELETRICOS,0,2026-05-06 16:23:56.529342
2026-10-26,CAOA Chery Elétrico,ELETRICOS,0,2026-05-06 16:23:56.529343
2026-11-02,CAOA Chery Elétrico,ELETRICOS,0,2026-05-06 16:23:56.529344
2026-11-09,CAOA Chery Elétrico,ELETRICOS,0,2026-05-06 16:23:56.529345
2026-11-16,CAOA Chery Elétrico,ELETRICOS,0,2026-05-06 16:23:56.529346
2026-11-23,CAOA Chery Elétrico,ELETRICOS,0,2026-05-06 16:23:56.529347
2026-11-30,CAOA Chery Elétrico,ELETRICOS,0,2026-05-06 16:23:56.529348
2026-12-07,CAOA Chery Elétrico,ELETRICOS,0,2026-05-06 16:23:56.529349
2026-12-14,CAOA Chery Elétrico,ELETRICOS,0,2026-05-06 16:23:56.529350
2026-12-21,CAOA Chery Elétrico,ELETRICOS,0,2026-05-06 16:23:56.529351
2026-01-04,GWM Brasil,ELETRICOS,67,2026-05-06 16:22:52.777273
2026-01-11,GWM Brasil,ELETRICOS,60,2026-05-06 16:22:52.777274
2026-01-18,GWM Brasil,ELETRICOS,58,2026-05-06 16:22:52.777276
2026-01-25,GWM Brasil,ELETRICOS,47,2026-05-06 16:22:52.777277
2026-02-01,GWM Brasil,ELETRICOS,52,2026-05-06 16:22:52.777279
2026-02-08,GWM Brasil,ELETRICOS,50,2026-05-06 16:22:52.777280
2026-02-15,GWM Brasil,ELETRICOS,62,2026-05-06 16:22:52.777282
2026-02-22,GWM Brasil,ELETRICOS,62,2026-05-06 16:22:52.777283
2026-03-01,GWM Brasil,ELETRICOS,56,2026-05-06 16:22:52.777285
2026-03-08,GWM Brasil,ELETRICOS,86,2026-05-06 16:22:52.777286
2026-03-15,GWM Brasil,ELETRICOS,89,2026-05-06 16:22:52.777287
2026-03-22,GWM Brasil,ELETRICOS,78,2026-05-06 16:22:52.777287
2026-03-29,GWM Brasil,ELETRICOS,98,2026-05-06 16:22:52.777289
2026-04-05,GWM Brasil,ELETRICOS,100,2026-05-06 16:22:52.777290
2026-04-12,GWM Brasil,ELETRICOS,96,2026-05-06 16:22:52.777292
2026-04-19,GWM Brasil,ELETRICOS,92,2026-05-06 16:22:52.777293
2026-04-26,GWM Brasil,ELETRICOS,77,2026-05-06 16:22:52.777294
2026-05-03,GWM Brasil,ELETRICOS,74,2026-05-06 16:22:52.777295
2026-05-04,GWM Brasil,ELETRICOS,21,2026-05-06 16:22:52.777182
2026-05-11,GWM Brasil,ELETRICOS,34,2026-05-06 16:22:52.777219
2026-05-18,GWM Brasil,ELETRICOS,20,2026-05-06 16:22:52.777220
2026-05-25,GWM Brasil,ELETRICOS,23,2026-05-06 16:22:52.777222
2026-06-01,GWM Brasil,ELETRICOS,24,2026-05-06 16:22:52.777223
2026-06-08,GWM Brasil,ELETRICOS,36,2026-05-06 16:22:52.777225
2026-06-15,GWM Brasil,ELETRICOS,24,2026-05-06 16:22:52.777226
2026-06-22,GWM Brasil,ELETRICOS,23,2026-05-06 16:22:52.777227
2026-06-29,GWM Brasil,ELETRICOS,35,2026-05-06 16:22:52.777229
2026-07-06,GWM Brasil,ELETRICOS,33,2026-05-06 16:22:52.777230
2026-07-13,GWM Brasil,ELETRICOS,39,2026-05-06 16:22:52.777232
2026-07-20,GWM Brasil,ELETRICOS,36,2026-05-06 16:22:52.777234
2026-07-27,GWM Brasil,ELETRICOS,31,2026-05-06 16:22:52.777235
2026-08-03,GWM Brasil,ELETRICOS,37,2026-05-06 16:22:52.777241
2026-08-10,GWM Brasil,ELETRICOS,63,2026-05-06 16:22:52.777243
2026-08-17,GWM Brasil,ELETRICOS,79,2026-05-06 16:22:52.777244
2026-08-24,GWM Brasil,ELETRICOS,45,2026-05-06 16:22:52.777246
2026-08-31,GWM Brasil,ELETRICOS,36,2026-05-06 16:22:52.777247
2026-09-07,GWM Brasil,ELETRICOS,47,2026-05-06 16:22:52.777248
2026-09-14,GWM Brasil,ELETRICOS,41,2026-05-06 16:22:52.777250
2026-09-21,GWM Brasil,ELETRICOS,46,2026-05-06 16:22:52.777251
2026-09-28,GWM Brasil,ELETRICOS,39,2026-05-06 16:22:52.777253
2026-10-05,GWM Brasil,ELETRICOS,42,2026-05-06 16:22:52.777254
2026-10-12,GWM Brasil,ELETRICOS,32,2026-05-06 16:22:52.777256
2026-10-19,GWM Brasil,ELETRICOS,40,2026-05-06 16:22:52.777257
2026-10-26,GWM Brasil,ELETRICOS,38,2026-05-06 16:22:52.777258
2026-11-02,GWM Brasil,ELETRICOS,38,2026-05-06 16:22:52.777260
2026-11-09,GWM Brasil,ELETRICOS,44,2026-05-06 16:22:52.777261
2026-11-16,GWM Brasil,ELETRICOS,51,2026-05-06 16:22:52.777262
2026-11-23,GWM Brasil,ELETRICOS,50,2026-05-06 16:22:52.777264
2026-11-30,GWM Brasil,ELETRICOS,66,2026-05-06 16:22:52.777265
2026-12-07,GWM Brasil,ELETRICOS,47,2026-05-06 16:22:52.777267
2026-12-14,GWM Brasil,ELETRICOS,49,2026-05-06 16:22:52.777268
2026-12-21,GWM Brasil,ELETRICOS,64,2026-05-06 16:22:52.777269
2026-01-04,Toyota Híbrido Brasil,ELETRICOS,0,2026-05-06 16:23:16.780086
2026-01-11,Toyota Híbrido Brasil,ELETRICOS,0,2026-05-06 16:23:16.780087
2026-01-18,Toyota Híbrido Brasil,ELETRICOS,89,2026-05-06 16:23:16.780089
2026-01-25,Toyota Híbrido Brasil,ELETRICOS,0,2026-05-06 16:23:16.780090
2026-02-01,Toyota Híbrido Brasil,ELETRICOS,0,2026-05-06 16:23:16.780092
2026-02-08,Toyota Híbrido Brasil,ELETRICOS,0,2026-05-06 16:23:16.780093
2026-02-15,Toyota Híbrido Brasil,ELETRICOS,97,2026-05-06 16:23:16.780094
2026-02-22,Toyota Híbrido Brasil,ELETRICOS,0,2026-05-06 16:23:16.780096
2026-03-01,Toyota Híbrido Brasil,ELETRICOS,0,2026-05-06 16:23:16.780098
2026-03-08,Toyota Híbrido Brasil,ELETRICOS,0,2026-05-06 16:23:16.780099
2026-03-15,Toyota Híbrido Brasil,ELETRICOS,0,2026-05-06 16:23:16.780101
2026-03-22,Toyota Híbrido Brasil,ELETRICOS,0,2026-05-06 16:23:16.780102
2026-03-29,Toyota Híbrido Brasil,ELETRICOS,0,2026-05-06 16:23:16.780104
2026-04-05,Toyota Híbrido Brasil,ELETRICOS,100,2026-05-06 16:23:16.780105
2026-04-12,Toyota Híbrido Brasil,ELETRICOS,0,2026-05-06 16:23:16.780107
2026-04-19,Toyota Híbrido Brasil,ELETRICOS,23,2026-05-06 16:23:16.780108
2026-04-26,Toyota Híbrido Brasil,ELETRICOS,33,2026-05-06 16:23:16.780110
2026-05-03,Toyota Híbrido Brasil,ELETRICOS,40,2026-05-06 16:23:16.780111
2026-05-04,Toyota Híbrido Brasil,ELETRICOS,0,2026-05-06 16:23:16.780023
2026-05-11,Toyota Híbrido Brasil,ELETRICOS,0,2026-05-06 16:23:16.780030
2026-05-18,Toyota Híbrido Brasil,ELETRICOS,0,2026-05-06 16:23:16.780032
2026-05-25,Toyota Híbrido Brasil,ELETRICOS,0,2026-05-06 16:23:16.780033
2026-06-01,Toyota Híbrido Brasil,ELETRICOS,0,2026-05-06 16:23:16.780035
2026-06-08,Toyota Híbrido Brasil,ELETRICOS,0,2026-05-06 16:23:16.780036
2026-06-15,Toyota Híbrido Brasil,ELETRICOS,0,2026-05-06 16:23:16.780038
2026-06-22,Toyota Híbrido Brasil,ELETRICOS,0,2026-05-06 16:23:16.780040
2026-06-29,Toyota Híbrido Brasil,ELETRICOS,0,2026-05-06 16:23:16.780041
2026-07-06,Toyota Híbrido Brasil,ELETRICOS,0,2026-05-06 16:23:16.780043
2026-07-13,Toyota Híbrido Brasil,ELETRICOS,0,2026-05-06 16:23:16.780044
2026-07-20,Toyota Híbrido Brasil,ELETRICOS,0,2026-05-06 16:23:16.780046
2026-07-27,Toyota Híbrido Brasil,ELETRICOS,0,2026-05-06 16:23:16.780047
2026-08-03,Toyota Híbrido Brasil,ELETRICOS,0,2026-05-06 16:23:16.780049
2026-08-10,Toyota Híbrido Brasil,ELETRICOS,0,2026-05-06 16:23:16.780050
2026-08-17,Toyota Híbrido Brasil,ELETRICOS,0,2026-05-06 16:23:16.780052
2026-08-24,Toyota Híbrido Brasil,ELETRICOS,0,2026-05-06 16:23:16.780053
2026-08-31,Toyota Híbrido Brasil,ELETRICOS,0,2026-05-06 16:23:16.780055
2026-09-07,Toyota Híbrido Brasil,ELETRICOS,0,2026-05-06 16:23:16.780057
2026-09-14,Toyota Híbrido Brasil,ELETRICOS,0,2026-05-06 16:23:16.780061
2026-09-21,Toyota Híbrido Brasil,ELETRICOS,0,2026-05-06 16:23:16.780063
2026-09-28,Toyota Híbrido Brasil,ELETRICOS,0,2026-05-06 16:23:16.780064
2026-10-05,Toyota Híbrido Brasil,ELETRICOS,0,2026-05-06 16:23:16.780066
2026-10-12,Toyota Híbrido Brasil,ELETRICOS,0,2026-05-06 16:23:16.780067
2026-10-19,Toyota Híbrido Brasil,ELETRICOS,0,2026-05-06 16:23:16.780069
2026-10-26,Toyota Híbrido Brasil,ELETRICOS,0,2026-05-06 16:23:16.780070
2026-11-02,Toyota Híbrido Brasil,ELETRICOS,100,2026-05-06 16:23:16.780072
2026-11-09,Toyota Híbrido Brasil,ELETRICOS,0,2026-05-06 16:23:16.780073
2026-11-16,Toyota Híbrido Brasil,ELETRICOS,0,2026-05-06 16:23:16.780075
2026-11-23,Toyota Híbrido Brasil,ELETRICOS,0,2026-05-06 16:23:16.780076
2026-11-30,Toyota Híbrido Brasil,ELETRICOS,0,2026-05-06 16:23:16.780078
2026-12-07,Toyota Híbrido Brasil,ELETRICOS,0,2026-05-06 16:23:16.780079
2026-12-14,Toyota Híbrido Brasil,ELETRICOS,0,2026-05-06 16:23:16.780081
2026-12-21,Toyota Híbrido Brasil,ELETRICOS,0,2026-05-06 16:23:16.780082
2026-01-04,Volvo Elétrico Brasil,ELETRICOS,0,2026-05-06 16:23:04.967540
2026-01-11,Volvo Elétrico Brasil,ELETRICOS,0,2026-05-06 16:23:04.967541
2026-01-18,Volvo Elétrico Brasil,ELETRICOS,0,2026-05-06 16:23:04.967542
2026-01-25,Volvo Elétrico Brasil,ELETRICOS,0,2026-05-06 16:23:04.967542
2026-02-01,Volvo Elétrico Brasil,ELETRICOS,0,2026-05-06 16:23:04.967543
2026-02-08,Volvo Elétrico Brasil,ELETRICOS,0,2026-05-06 16:23:04.967544
2026-02-15,Volvo Elétrico Brasil,ELETRICOS,0,2026-05-06 16:23:04.967545
2026-02-22,Volvo Elétrico Brasil,ELETRICOS,0,2026-05-06 16:23:04.967546
2026-03-01,Volvo Elétrico Brasil,ELETRICOS,0,2026-05-06 16:23:04.967547
2026-03-08,Volvo Elétrico Brasil,ELETRICOS,0,2026-05-06 16:23:04.967548
2026-03-15,Volvo Elétrico Brasil,ELETRICOS,0,2026-05-06 16:23:04.967549
2026-03-22,Volvo Elétrico Brasil,ELETRICOS,0,2026-05-06 16:23:04.967550
2026-03-29,Volvo Elétrico Brasil,ELETRICOS,0,2026-05-06 16:23:04.967550
2026-04-05,Volvo Elétrico Brasil,ELETRICOS,0,2026-05-06 16:23:04.967551
2026-04-12,Volvo Elétrico Brasil,ELETRICOS,0,2026-05-06 16:23:04.967552
2026-04-19,Volvo Elétrico Brasil,ELETRICOS,58,2026-05-06 16:23:04.967553
2026-04-26,Volvo Elétrico Brasil,ELETRICOS,100,2026-05-06 16:23:04.967554
2026-05-03,Volvo Elétrico Brasil,ELETRICOS,0,2026-05-06 16:23:04.967555
2026-05-04,Volvo Elétrico Brasil,ELETRICOS,0,2026-05-06 16:23:04.967498
2026-05-11,Volvo Elétrico Brasil,ELETRICOS,0,2026-05-06 16:23:04.967504
2026-05-18,Volvo Elétrico Brasil,ELETRICOS,0,2026-05-06 16:23:04.967505
2026-05-25,Volvo Elétrico Brasil,ELETRICOS,0,2026-05-06 16:23:04.967505
2026-06-01,Volvo Elétrico Brasil,ELETRICOS,0,2026-05-06 16:23:04.967506
2026-06-08,Volvo Elétrico Brasil,ELETRICOS,0,2026-05-06 16:23:04.967507
2026-06-15,Volvo Elétrico Brasil,ELETRICOS,0,2026-05-06 16:23:04.967508
2026-06-22,Volvo Elétrico Brasil,ELETRICOS,0,2026-05-06 16:23:04.967509
2026-06-29,Volvo Elétrico Brasil,ELETRICOS,0,2026-05-06 16:23:04.967510
2026-07-06,Volvo Elétrico Brasil,ELETRICOS,0,2026-05-06 16:23:04.967511
2026-07-13,Volvo Elétrico Brasil,ELETRICOS,0,2026-05-06 16:23:04.967512
2026-07-20,Volvo Elétrico Brasil,ELETRICOS,0,2026-05-06 16:23:04.967513
2026-07-27,Volvo Elétrico Brasil,ELETRICOS,0,2026-05-06 16:23:04.967513
2026-08-03,Volvo Elétrico Brasil,ELETRICOS,0,2026-05-06 16:23:04.967514
2026-08-10,Volvo Elétrico Brasil,ELETRICOS,0,2026-05-06 16:23:04.967515
2026-08-17,Volvo Elétrico Brasil,ELETRICOS,0,2026-05-06 16:23:04.967516
2026-08-24,Volvo Elétrico Brasil,ELETRICOS,0,2026-05-06 16:23:04.967517
2026-08-31,Volvo Elétrico Brasil,ELETRICOS,0,2026-05-06 16:23:04.967518
2026-09-07,Volvo Elétrico Brasil,ELETRICOS,0,2026-05-06 16:23:04.967519
2026-09-14,Volvo Elétrico Brasil,ELETRICOS,0,2026-05-06 16:23:04.967520
2026-09-21,Volvo Elétrico Brasil,ELETRICOS,0,2026-05-06 16:23:04.967521
2026-09-28,Volvo Elétrico Brasil,ELETRICOS,0,2026-05-06 16:23:04.967521
2026-10-05,Volvo Elétrico Brasil,ELETRICOS,0,2026-05-06 16:23:04.967528
2026-10-12,Volvo Elétrico Brasil,ELETRICOS,0,2026-05-06 16:23:04.967529
2026-10-19,Volvo Elétrico Brasil,ELETRICOS,0,2026-05-06 16:23:04.967530
2026-10-26,Volvo Elétrico Brasil,ELETRICOS,0,2026-05-06 16:23:04.967531
2026-11-02,Volvo Elétrico Brasil,ELETRICOS,0,2026-05-06 16:23:04.967532
2026-11-09,Volvo Elétrico Brasil,ELETRICOS,0,2026-05-06 16:23:04.967533
2026-11-16,Volvo Elétrico Brasil,ELETRICOS,0,2026-05-06 16:23:04.967533
2026-11-23,Volvo Elétrico Brasil,ELETRICOS,0,2026-05-06 16:23:04.967534
2026-11-30,Volvo Elétrico Brasil,ELETRICOS,0,2026-05-06 16:23:04.967535
2026-12-07,Volvo Elétrico Brasil,ELETRICOS,0,2026-05-06 16:23:04.967536
2026-12-14,Volvo Elétrico Brasil,ELETRICOS,0,2026-05-06 16:23:04.967537
2026-12-21,Volvo Elétrico Brasil,ELETRICOS,0,2026-05-06 16:23:04.967538
2026-01-04,Chevrolet Hatch Brasil,HATCH,0,2026-05-06 16:18:38.846356
2026-01-11,Chevrolet Hatch Brasil,HATCH,0,2026-05-06 16:18:38.846357
2026-01-18,Chevrolet Hatch Brasil,HATCH,0,2026-05-06 16:18:38.846358
2026-01-25,Chevrolet Hatch Brasil,HATCH,0,2026-05-06 16:18:38.846359
2026-02-01,Chevrolet Hatch Brasil,HATCH,100,2026-05-06 16:18:38.846360
2026-02-08,Chevrolet Hatch Brasil,HATCH,0,2026-05-06 16:18:38.846361
2026-02-15,Chevrolet Hatch Brasil,HATCH,0,2026-05-06 16:18:38.846362
2026-02-22,Chevrolet Hatch Brasil,HATCH,0,2026-05-06 16:18:38.846363
2026-03-01,Chevrolet Hatch Brasil,HATCH,0,2026-05-06 16:18:38.846364
2026-03-08,Chevrolet Hatch Brasil,HATCH,0,2026-05-06 16:18:38.846366
2026-03-15,Chevrolet Hatch Brasil,HATCH,0,2026-05-06 16:18:38.846367
2026-03-22,Chevrolet Hatch Brasil,HATCH,0,2026-05-06 16:18:38.846368
2026-03-29,Chevrolet Hatch Brasil,HATCH,0,2026-05-06 16:18:38.846369
2026-04-05,Chevrolet Hatch Brasil,HATCH,0,2026-05-06 16:18:38.846370
2026-04-12,Chevrolet Hatch Brasil,HATCH,0,2026-05-06 16:18:38.846371
2026-04-19,Chevrolet Hatch Brasil,HATCH,0,2026-05-06 16:18:38.846372
2026-04-26,Chevrolet Hatch Brasil,HATCH,14,2026-05-06 16:18:38.846373
2026-05-03,Chevrolet Hatch Brasil,HATCH,0,2026-05-06 16:18:38.846374
2026-05-04,Chevrolet Hatch Brasil,HATCH,0,2026-05-06 16:18:38.846313
2026-05-11,Chevrolet Hatch Brasil,HATCH,0,2026-05-06 16:18:38.846320
2026-05-18,Chevrolet Hatch Brasil,HATCH,0,2026-05-06 16:18:38.846322
2026-05-25,Chevrolet Hatch Brasil,HATCH,0,2026-05-06 16:18:38.846322
2026-06-01,Chevrolet Hatch Brasil,HATCH,0,2026-05-06 16:18:38.846324
2026-06-08,Chevrolet Hatch Brasil,HATCH,0,2026-05-06 16:18:38.846324
2026-06-15,Chevrolet Hatch Brasil,HATCH,0,2026-05-06 16:18:38.846326
2026-06-22,Chevrolet Hatch Brasil,HATCH,0,2026-05-06 16:18:38.846327
2026-06-29,Chevrolet Hatch Brasil,HATCH,0,2026-05-06 16:18:38.846328
2026-07-06,Chevrolet Hatch Brasil,HATCH,0,2026-05-06 16:18:38.846328
2026-07-13,Chevrolet Hatch Brasil,HATCH,0,2026-05-06 16:18:38.846329
2026-07-20,Chevrolet Hatch Brasil,HATCH,0,2026-05-06 16:18:38.846330
2026-07-27,Chevrolet Hatch Brasil,HATCH,0,2026-05-06 16:18:38.846332
2026-08-03,Chevrolet Hatch Brasil,HATCH,0,2026-05-06 16:18:38.846333
2026-08-10,Chevrolet Hatch Brasil,HATCH,0,2026-05-06 16:18:38.846334
2026-08-17,Chevrolet Hatch Brasil,HATCH,0,2026-05-06 16:18:38.846334
2026-08-24,Chevrolet Hatch Brasil,HATCH,0,2026-05-06 16:18:38.846335
2026-08-31,Chevrolet Hatch Brasil,HATCH,0,2026-05-06 16:18:38.846337
2026-09-07,Chevrolet Hatch Brasil,HATCH,0,2026-05-06 16:18:38.846338
2026-09-14,Chevrolet Hatch Brasil,HATCH,0,2026-05-06 16:18:38.846339
2026-09-21,Chevrolet Hatch Brasil,HATCH,0,2026-05-06 16:18:38.846340
2026-09-28,Chevrolet Hatch Brasil,HATCH,0,2026-05-06 16:18:38.846341
2026-10-05,Chevrolet Hatch Brasil,HATCH,0,2026-05-06 16:18:38.846342
2026-10-12,Chevrolet Hatch Brasil,HATCH,0,2026-05-06 16:18:38.846343
2026-10-19,Chevrolet Hatch Brasil,HATCH,0,2026-05-06 16:18:38.846344
2026-10-26,Chevrolet Hatch Brasil,HATCH,0,2026-05-06 16:18:38.846345
2026-11-02,Chevrolet Hatch Brasil,HATCH,0,2026-05-06 16:18:38.846346
2026-11-09,Chevrolet Hatch Brasil,HATCH,0,2026-05-06 16:18:38.846348
2026-11-16,Chevrolet Hatch Brasil,HATCH,0,2026-05-06 16:18:38.846348
2026-11-23,Chevrolet Hatch Brasil,HATCH,0,2026-05-06 16:18:38.846349
2026-11-30,Chevrolet Hatch Brasil,HATCH,0,2026-05-06 16:18:38.846350
2026-12-07,Chevrolet Hatch Brasil,HATCH,0,2026-05-06 16:18:38.846352
2026-12-14,Chevrolet Hatch Brasil,HATCH,0,2026-05-06 16:18:38.846353
2026-12-21,Chevrolet Hatch Brasil,HATCH,0,2026-05-06 16:18:38.846354
2026-01-04,Fiat Hatch Brasil,HATCH,0,2026-05-06 16:17:28.969451
2026-01-11,Fiat Hatch Brasil,HATCH,0,2026-05-06 16:17:28.969451
2026-01-18,Fiat Hatch Brasil,HATCH,0,2026-05-06 16:17:28.969453
2026-01-25,Fiat Hatch Brasil,HATCH,0,2026-05-06 16:17:28.969454
2026-02-01,Fiat Hatch Brasil,HATCH,0,2026-05-06 16:17:28.969455
2026-02-08,Fiat Hatch Brasil,HATCH,0,2026-05-06 16:17:28.969456
2026-02-15,Fiat Hatch Brasil,HATCH,0,2026-05-06 16:17:28.969457
2026-02-22,Fiat Hatch Brasil,HATCH,0,2026-05-06 16:17:28.969458
2026-03-01,Fiat Hatch Brasil,HATCH,0,2026-05-06 16:17:28.969459
2026-03-08,Fiat Hatch Brasil,HATCH,0,2026-05-06 16:17:28.969459
2026-03-15,Fiat Hatch Brasil,HATCH,0,2026-05-06 16:17:28.969460
2026-03-22,Fiat Hatch Brasil,HATCH,0,2026-05-06 16:17:28.969461
2026-03-29,Fiat Hatch Brasil,HATCH,0,2026-05-06 16:17:28.969462
2026-04-05,Fiat Hatch Brasil,HATCH,0,2026-05-06 16:17:28.969463
2026-04-12,Fiat Hatch Brasil,HATCH,0,2026-05-06 16:17:28.969464
2026-04-19,Fiat Hatch Brasil,HATCH,6,2026-05-06 16:17:28.969465
2026-04-26,Fiat Hatch Brasil,HATCH,11,2026-05-06 16:17:28.969466
2026-05-03,Fiat Hatch Brasil,HATCH,10,2026-05-06 16:17:28.969466
2026-05-04,Fiat Hatch Brasil,HATCH,0,2026-05-06 16:17:28.969409
2026-05-11,Fiat Hatch Brasil,HATCH,0,2026-05-06 16:17:28.969417
2026-05-18,Fiat Hatch Brasil,HATCH,0,2026-05-06 16:17:28.969419
2026-05-25,Fiat Hatch Brasil,HATCH,0,2026-05-06 16:17:28.969420
2026-06-01,Fiat Hatch Brasil,HATCH,0,2026-05-06 16:17:28.969421
2026-06-08,Fiat Hatch Brasil,HATCH,0,2026-05-06 16:17:28.969422
2026-06-15,Fiat Hatch Brasil,HATCH,0,2026-05-06 16:17:28.969422
2026-06-22,Fiat Hatch Brasil,HATCH,0,2026-05-06 16:17:28.969424
2026-06-29,Fiat Hatch Brasil,HATCH,0,2026-05-06 16:17:28.969425
2026-07-06,Fiat Hatch Brasil,HATCH,100,2026-05-06 16:17:28.969426
2026-07-13,Fiat Hatch Brasil,HATCH,0,2026-05-06 16:17:28.969427
2026-07-20,Fiat Hatch Brasil,HATCH,0,2026-05-06 16:17:28.969428
2026-07-27,Fiat Hatch Brasil,HATCH,0,2026-05-06 16:17:28.969429
2026-08-03,Fiat Hatch Brasil,HATCH,0,2026-05-06 16:17:28.969430
2026-08-10,Fiat Hatch Brasil,HATCH,0,2026-05-06 16:17:28.969431
2026-08-17,Fiat Hatch Brasil,HATCH,0,2026-05-06 16:17:28.969432
2026-08-24,Fiat Hatch Brasil,HATCH,0,2026-05-06 16:17:28.969433
2026-08-31,Fiat Hatch Brasil,HATCH,0,2026-05-06 16:17:28.969434
2026-09-07,Fiat Hatch Brasil,HATCH,0,2026-05-06 16:17:28.969435
2026-09-14,Fiat Hatch Brasil,HATCH,0,2026-05-06 16:17:28.969436
2026-09-21,Fiat Hatch Brasil,HATCH,0,2026-05-06 16:17:28.969437
2026-09-28,Fiat Hatch Brasil,HATCH,0,2026-05-06 16:17:28.969438
2026-10-05,Fiat Hatch Brasil,HATCH,0,2026-05-06 16:17:28.969439
2026-10-12,Fiat Hatch Brasil,HATCH,0,2026-05-06 16:17:28.969440
2026-10-19,Fiat Hatch Brasil,HATCH,0,2026-05-06 16:17:28.969441
2026-10-26,Fiat Hatch Brasil,HATCH,0,2026-05-06 16:17:28.969442
2026-11-02,Fiat Hatch Brasil,HATCH,0,2026-05-06 16:17:28.969442
2026-11-09,Fiat Hatch Brasil,HATCH,0,2026-05-06 16:17:28.969443
2026-11-16,Fiat Hatch Brasil,HATCH,0,2026-05-06 16:17:28.969444
2026-11-23,Fiat Hatch Brasil,HATCH,0,2026-05-06 16:17:28.969445
2026-11-30,Fiat Hatch Brasil,HATCH,0,2026-05-06 16:17:28.969446
2026-12-07,Fiat Hatch Brasil,HATCH,0,2026-05-06 16:17:28.969447
2026-12-14,Fiat Hatch Brasil,HATCH,0,2026-05-06 16:17:28.969448
2026-12-21,Fiat Hatch Brasil,HATCH,0,2026-05-06 16:17:28.969449
2026-01-04,Hyundai Hatch Brasil,HATCH,0,2026-05-06 16:19:59.573071
2026-01-11,Hyundai Hatch Brasil,HATCH,0,2026-05-06 16:19:59.573073
2026-01-18,Hyundai Hatch Brasil,HATCH,0,2026-05-06 16:19:59.573074
2026-01-25,Hyundai Hatch Brasil,HATCH,0,2026-05-06 16:19:59.573076
2026-02-01,Hyundai Hatch Brasil,HATCH,0,2026-05-06 16:19:59.573078
2026-02-08,Hyundai Hatch Brasil,HATCH,0,2026-05-06 16:19:59.573079
2026-02-15,Hyundai Hatch Brasil,HATCH,0,2026-05-06 16:19:59.573081
2026-02-22,Hyundai Hatch Brasil,HATCH,0,2026-05-06 16:19:59.573083
2026-03-01,Hyundai Hatch Brasil,HATCH,0,2026-05-06 16:19:59.573084
2026-03-08,Hyundai Hatch Brasil,HATCH,0,2026-05-06 16:19:59.573086
2026-03-15,Hyundai Hatch Brasil,HATCH,0,2026-05-06 16:19:59.573088
2026-03-22,Hyundai Hatch Brasil,HATCH,0,2026-05-06 16:19:59.573090
2026-03-29,Hyundai Hatch Brasil,HATCH,0,2026-05-06 16:19:59.573091
2026-04-05,Hyundai Hatch Brasil,HATCH,0,2026-05-06 16:19:59.573093
2026-04-12,Hyundai Hatch Brasil,HATCH,0,2026-05-06 16:19:59.573095
2026-04-19,Hyundai Hatch Brasil,HATCH,0,2026-05-06 16:19:59.573096
2026-04-26,Hyundai Hatch Brasil,HATCH,100,2026-05-06 16:19:59.573098
2026-05-03,Hyundai Hatch Brasil,HATCH,0,2026-05-06 16:19:59.573100
2026-05-04,Hyundai Hatch Brasil,HATCH,0,2026-05-06 16:19:59.572999
2026-05-11,Hyundai Hatch Brasil,HATCH,0,2026-05-06 16:19:59.573007
2026-05-18,Hyundai Hatch Brasil,HATCH,0,2026-05-06 16:19:59.573008
2026-05-25,Hyundai Hatch Brasil,HATCH,0,2026-05-06 16:19:59.573010
2026-06-01,Hyundai Hatch Brasil,HATCH,0,2026-05-06 16:19:59.573012
2026-06-08,Hyundai Hatch Brasil,HATCH,0,2026-05-06 16:19:59.573013
2026-06-15,Hyundai Hatch Brasil,HATCH,0,2026-05-06 16:19:59.573015
2026-06-22,Hyundai Hatch Brasil,HATCH,0,2026-05-06 16:19:59.573017
2026-06-29,Hyundai Hatch Brasil,HATCH,0,2026-05-06 16:19:59.573019
2026-07-06,Hyundai Hatch Brasil,HATCH,0,2026-05-06 16:19:59.573020
2026-07-13,Hyundai Hatch Brasil,HATCH,0,2026-05-06 16:19:59.573022
2026-07-20,Hyundai Hatch Brasil,HATCH,0,2026-05-06 16:19:59.573030
2026-07-27,Hyundai Hatch Brasil,HATCH,0,2026-05-06 16:19:59.573032
2026-08-03,Hyundai Hatch Brasil,HATCH,0,2026-05-06 16:19:59.573034
2026-08-10,Hyundai Hatch Brasil,HATCH,0,2026-05-06 16:19:59.573035
2026-08-17,Hyundai Hatch Brasil,HATCH,0,2026-05-06 16:19:59.573037
2026-08-24,Hyundai Hatch Brasil,HATCH,0,2026-05-06 16:19:59.573039
2026-08-31,Hyundai Hatch Brasil,HATCH,0,2026-05-06 16:19:59.573040
2026-09-07,Hyundai Hatch Brasil,HATCH,0,2026-05-06 16:19:59.573042
2026-09-14,Hyundai Hatch Brasil,HATCH,0,2026-05-06 16:19:59.573044
2026-09-21,Hyundai Hatch Brasil,HATCH,0,2026-05-06 16:19:59.573046
2026-09-28,Hyundai Hatch Brasil,HATCH,0,2026-05-06 16:19:59.573048
2026-10-05,Hyundai Hatch Brasil,HATCH,0,2026-05-06 16:19:59.573049
2026-10-12,Hyundai Hatch Brasil,HATCH,0,2026-05-06 16:19:59.573051
2026-10-19,Hyundai Hatch Brasil,HATCH,0,2026-05-06 16:19:59.573053
2026-10-26,Hyundai Hatch Brasil,HATCH,0,2026-05-06 16:19:59.573054
2026-11-02,Hyundai Hatch Brasil,HATCH,0,2026-05-06 16:19:59.573056
2026-11-09,Hyundai Hatch Brasil,HATCH,0,2026-05-06 16:19:59.573058
2026-11-16,Hyundai Hatch Brasil,HATCH,0,2026-05-06 16:19:59.573059
2026-11-23,Hyundai Hatch Brasil,HATCH,0,2026-05-06 16:19:59.573061
2026-11-30,Hyundai Hatch Brasil,HATCH,0,2026-05-06 16:19:59.573063
2026-12-07,Hyundai Hatch Brasil,HATCH,0,2026-05-06 16:19:59.573064
2026-12-14,Hyundai Hatch Brasil,HATCH,0,2026-05-06 16:19:59.573066
2026-12-21,Hyundai Hatch Brasil,HATCH,0,2026-05-06 16:19:59.573068
2026-01-04,Volkswagen Hatch Brasil,HATCH,0,2026-05-06 16:17:20.262942
2026-01-11,Volkswagen Hatch Brasil,HATCH,0,2026-05-06 16:17:20.262942
2026-01-18,Volkswagen Hatch Brasil,HATCH,0,2026-05-06 16:17:20.262950
2026-01-25,Volkswagen Hatch Brasil,HATCH,0,2026-05-06 16:17:20.262951
2026-02-01,Volkswagen Hatch Brasil,HATCH,0,2026-05-06 16:17:20.262952
2026-02-08,Volkswagen Hatch Brasil,HATCH,0,2026-05-06 16:17:20.262953
2026-02-15,Volkswagen Hatch Brasil,HATCH,0,2026-05-06 16:17:20.262954
2026-02-22,Volkswagen Hatch Brasil,HATCH,0,2026-05-06 16:17:20.262955
2026-03-01,Volkswagen Hatch Brasil,HATCH,0,2026-05-06 16:17:20.262956
2026-03-08,Volkswagen Hatch Brasil,HATCH,0,2026-05-06 16:17:20.262956
2026-03-15,Volkswagen Hatch Brasil,HATCH,0,2026-05-06 16:17:20.262957
2026-03-22,Volkswagen Hatch Brasil,HATCH,0,2026-05-06 16:17:20.262958
2026-03-29,Volkswagen Hatch Brasil,HATCH,0,2026-05-06 16:17:20.262959
2026-04-05,Volkswagen Hatch Brasil,HATCH,0,2026-05-06 16:17:20.262960
2026-04-12,Volkswagen Hatch Brasil,HATCH,0,2026-05-06 16:17:20.262961
2026-04-19,Volkswagen Hatch Brasil,HATCH,0,2026-05-06 16:17:20.262962
2026-04-26,Volkswagen Hatch Brasil,HATCH,100,2026-05-06 16:17:20.262963
2026-05-03,Volkswagen Hatch Brasil,HATCH,0,2026-05-06 16:17:20.262964
2026-05-04,Volkswagen Hatch Brasil,HATCH,0,2026-05-06 16:17:20.262903
2026-05-11,Volkswagen Hatch Brasil,HATCH,0,2026-05-06 16:17:20.262909
2026-05-18,Volkswagen Hatch Brasil,HATCH,0,2026-05-06 16:17:20.262910
2026-05-25,Volkswagen Hatch Brasil,HATCH,0,2026-05-06 16:17:20.262911
2026-06-01,Volkswagen Hatch Brasil,HATCH,0,2026-05-06 16:17:20.262912
2026-06-08,Volkswagen Hatch Brasil,HATCH,0,2026-05-06 16:17:20.262913
2026-06-15,Volkswagen Hatch Brasil,HATCH,0,2026-05-06 16:17:20.262914
2026-06-22,Volkswagen Hatch Brasil,HATCH,0,2026-05-06 16:17:20.262915
2026-06-29,Volkswagen Hatch Brasil,HATCH,0,2026-05-06 16:17:20.262916
2026-07-06,Volkswagen Hatch Brasil,HATCH,0,2026-05-06 16:17:20.262917
2026-07-13,Volkswagen Hatch Brasil,HATCH,0,2026-05-06 16:17:20.262919
2026-07-20,Volkswagen Hatch Brasil,HATCH,0,2026-05-06 16:17:20.262920
2026-07-27,Volkswagen Hatch Brasil,HATCH,0,2026-05-06 16:17:20.262921
2026-08-03,Volkswagen Hatch Brasil,HATCH,0,2026-05-06 16:17:20.262922
2026-08-10,Volkswagen Hatch Brasil,HATCH,0,2026-05-06 16:17:20.262923
2026-08-17,Volkswagen Hatch Brasil,HATCH,0,2026-05-06 16:17:20.262924
2026-08-24,Volkswagen Hatch Brasil,HATCH,0,2026-05-06 16:17:20.262925
2026-08-31,Volkswagen Hatch Brasil,HATCH,0,2026-05-06 16:17:20.262926
2026-09-07,Volkswagen Hatch Brasil,HATCH,0,2026-05-06 16:17:20.262927
2026-09-14,Volkswagen Hatch Brasil,HATCH,0,2026-05-06 16:17:20.262927
2026-09-21,Volkswagen Hatch Brasil,HATCH,0,2026-05-06 16:17:20.262928
2026-09-28,Volkswagen Hatch Brasil,HATCH,0,2026-05-06 16:17:20.262929
2026-10-05,Volkswagen Hatch Brasil,HATCH,0,2026-05-06 16:17:20.262930
2026-10-12,Volkswagen Hatch Brasil,HATCH,0,2026-05-06 16:17:20.262931
2026-10-19,Volkswagen Hatch Brasil,HATCH,0,2026-05-06 16:17:20.262932
2026-10-26,Volkswagen Hatch Brasil,HATCH,0,2026-05-06 16:17:20.262933
2026-11-02,Volkswagen Hatch Brasil,HATCH,0,2026-05-06 16:17:20.262934
2026-11-09,Volkswagen Hatch Brasil,HATCH,0,2026-05-06 16:17:20.262935
2026-11-16,Volkswagen Hatch Brasil,HATCH,0,2026-05-06 16:17:20.262935
2026-11-23,Volkswagen Hatch Brasil,HATCH,0,2026-05-06 16:17:20.262936
2026-11-30,Volkswagen Hatch Brasil,HATCH,0,2026-05-06 16:17:20.262937
2026-12-07,Volkswagen Hatch Brasil,HATCH,0,2026-05-06 16:17:20.262938
2026-12-14,Volkswagen Hatch Brasil,HATCH,0,2026-05-06 16:17:20.262939
2026-12-21,Volkswagen Hatch Brasil,HATCH,0,2026-05-06 16:17:20.262940
2026-01-04,Chevrolet Sedan Brasil,SEDAN,0,2026-05-06 16:17:06.973666
2026-01-11,Chevrolet Sedan Brasil,SEDAN,0,2026-05-06 16:17:06.973667
2026-01-18,Chevrolet Sedan Brasil,SEDAN,0,2026-05-06 16:17:06.973667
2026-01-25,Chevrolet Sedan Brasil,SEDAN,0,2026-05-06 16:17:06.973668
2026-02-01,Chevrolet Sedan Brasil,SEDAN,68,2026-05-06 16:17:06.973669
2026-02-08,Chevrolet Sedan Brasil,SEDAN,0,2026-05-06 16:17:06.973670
2026-02-15,Chevrolet Sedan Brasil,SEDAN,0,2026-05-06 16:17:06.973671
2026-02-22,Chevrolet Sedan Brasil,SEDAN,0,2026-05-06 16:17:06.973672
2026-03-01,Chevrolet Sedan Brasil,SEDAN,0,2026-05-06 16:17:06.973673
2026-03-08,Chevrolet Sedan Brasil,SEDAN,0,2026-05-06 16:17:06.973675
2026-03-15,Chevrolet Sedan Brasil,SEDAN,0,2026-05-06 16:17:06.973676
2026-03-22,Chevrolet Sedan Brasil,SEDAN,0,2026-05-06 16:17:06.973676
2026-03-29,Chevrolet Sedan Brasil,SEDAN,0,2026-05-06 16:17:06.973677
2026-04-05,Chevrolet Sedan Brasil,SEDAN,0,2026-05-06 16:17:06.973678
2026-04-12,Chevrolet Sedan Brasil,SEDAN,0,2026-05-06 16:17:06.973679
2026-04-19,Chevrolet Sedan Brasil,SEDAN,9,2026-05-06 16:17:06.973680
2026-04-26,Chevrolet Sedan Brasil,SEDAN,16,2026-05-06 16:17:06.973681
2026-05-03,Chevrolet Sedan Brasil,SEDAN,14,2026-05-06 16:17:06.973682
2026-05-04,Chevrolet Sedan Brasil,SEDAN,0,2026-05-06 16:17:06.973628
2026-05-11,Chevrolet Sedan Brasil,SEDAN,0,2026-05-06 16:17:06.973634
2026-05-18,Chevrolet Sedan Brasil,SEDAN,0,2026-05-06 16:17:06.973635
2026-05-25,Chevrolet Sedan Brasil,SEDAN,0,2026-05-06 16:17:06.973636
2026-06-01,Chevrolet Sedan Brasil,SEDAN,0,2026-05-06 16:17:06.973637
2026-06-08,Chevrolet Sedan Brasil,SEDAN,0,2026-05-06 16:17:06.973638
2026-06-15,Chevrolet Sedan Brasil,SEDAN,0,2026-05-06 16:17:06.973639
2026-06-22,Chevrolet Sedan Brasil,SEDAN,0,2026-05-06 16:17:06.973639
2026-06-29,Chevrolet Sedan Brasil,SEDAN,0,2026-05-06 16:17:06.973640
2026-07-06,Chevrolet Sedan Brasil,SEDAN,0,2026-05-06 16:17:06.973641
2026-07-13,Chevrolet Sedan Brasil,SEDAN,0,2026-05-06 16:17:06.973642
2026-07-20,Chevrolet Sedan Brasil,SEDAN,0,2026-05-06 16:17:06.973643
2026-07-27,Chevrolet Sedan Brasil,SEDAN,0,2026-05-06 16:17:06.973644
2026-08-03,Chevrolet Sedan Brasil,SEDAN,0,2026-05-06 16:17:06.973645
2026-08-10,Chevrolet Sedan Brasil,SEDAN,0,2026-05-06 16:17:06.973646
2026-08-17,Chevrolet Sedan Brasil,SEDAN,0,2026-05-06 16:17:06.973647
2026-08-24,Chevrolet Sedan Brasil,SEDAN,0,2026-05-06 16:17:06.973648
2026-08-31,Chevrolet Sedan Brasil,SEDAN,0,2026-05-06 16:17:06.973649
2026-09-07,Chevrolet Sedan Brasil,SEDAN,0,2026-05-06 16:17:06.973650
2026-09-14,Chevrolet Sedan Brasil,SEDAN,0,2026-05-06 16:17:06.973650
2026-09-21,Chevrolet Sedan Brasil,SEDAN,0,2026-05-06 16:17:06.973651
2026-09-28,Chevrolet Sedan Brasil,SEDAN,0,2026-05-06 16:17:06.973652
2026-10-05,Chevrolet Sedan Brasil,SEDAN,0,2026-05-06 16:17:06.973653
2026-10-12,Chevrolet Sedan Brasil,SEDAN,0,2026-05-06 16:17:06.973654
2026-10-19,Chevrolet Sedan Brasil,SEDAN,0,2026-05-06 16:17:06.973655
2026-10-26,Chevrolet Sedan Brasil,SEDAN,0,2026-05-06 16:17:06.973656
2026-11-02,Chevrolet Sedan Brasil,SEDAN,0,2026-05-06 16:17:06.973657
2026-11-09,Chevrolet Sedan Brasil,SEDAN,0,2026-05-06 16:17:06.973658
2026-11-16,Chevrolet Sedan Brasil,SEDAN,82,2026-05-06 16:17:06.973659
2026-11-23,Chevrolet Sedan Brasil,SEDAN,0,2026-05-06 16:17:06.973660
2026-11-30,Chevrolet Sedan Brasil,SEDAN,0,2026-05-06 16:17:06.973661
2026-12-07,Chevrolet Sedan Brasil,SEDAN,100,2026-05-06 16:17:06.973662
2026-12-14,Chevrolet Sedan Brasil,SEDAN,79,2026-05-06 16:17:06.973663
2026-12-21,Chevrolet Sedan Brasil,SEDAN,0,2026-05-06 16:17:06.973664
2026-01-04,Honda Sedan Brasil,SEDAN,0,2026-05-06 16:15:56.936394
2026-01-11,Honda Sedan Brasil,SEDAN,0,2026-05-06 16:15:56.936395
2026-01-18,Honda Sedan Brasil,SEDAN,71,2026-05-06 16:15:56.936396
2026-01-25,Honda Sedan Brasil,SEDAN,0,2026-05-06 16:15:56.936397
2026-02-01,Honda Sedan Brasil,SEDAN,84,2026-05-06 16:15:56.936398
2026-02-08,Honda Sedan Brasil,SEDAN,0,2026-05-06 16:15:56.936398
2026-02-15,Honda Sedan Brasil,SEDAN,0,2026-05-06 16:15:56.936399
2026-02-22,Honda Sedan Brasil,SEDAN,0,2026-05-06 16:15:56.936400
2026-03-01,Honda Sedan Brasil,SEDAN,0,2026-05-06 16:15:56.936401
2026-03-08,Honda Sedan Brasil,SEDAN,0,2026-05-06 16:15:56.936402
2026-03-15,Honda Sedan Brasil,SEDAN,0,2026-05-06 16:15:56.936403
2026-03-22,Honda Sedan Brasil,SEDAN,0,2026-05-06 16:15:56.936404
2026-03-29,Honda Sedan Brasil,SEDAN,0,2026-05-06 16:15:56.936405
2026-04-05,Honda Sedan Brasil,SEDAN,0,2026-05-06 16:15:56.936406
2026-04-12,Honda Sedan Brasil,SEDAN,71,2026-05-06 16:15:56.936407
2026-04-19,Honda Sedan Brasil,SEDAN,16,2026-05-06 16:15:56.936408
2026-04-26,Honda Sedan Brasil,SEDAN,22,2026-05-06 16:15:56.936409
2026-05-03,Honda Sedan Brasil,SEDAN,19,2026-05-06 16:15:56.936410
2026-05-04,Honda Sedan Brasil,SEDAN,0,2026-05-06 16:15:56.936354
2026-05-11,Honda Sedan Brasil,SEDAN,0,2026-05-06 16:15:56.936362
2026-05-18,Honda Sedan Brasil,SEDAN,0,2026-05-06 16:15:56.936363
2026-05-25,Honda Sedan Brasil,SEDAN,0,2026-05-06 16:15:56.936364
2026-06-01,Honda Sedan Brasil,SEDAN,0,2026-05-06 16:15:56.936365
2026-06-08,Honda Sedan Brasil,SEDAN,0,2026-05-06 16:15:56.936365
2026-06-15,Honda Sedan Brasil,SEDAN,0,2026-05-06 16:15:56.936366
2026-06-22,Honda Sedan Brasil,SEDAN,0,2026-05-06 16:15:56.936367
2026-06-29,Honda Sedan Brasil,SEDAN,0,2026-05-06 16:15:56.936368
2026-07-06,Honda Sedan Brasil,SEDAN,100,2026-05-06 16:15:56.936369
2026-07-13,Honda Sedan Brasil,SEDAN,0,2026-05-06 16:15:56.936370
2026-07-20,Honda Sedan Brasil,SEDAN,0,2026-05-06 16:15:56.936371
2026-07-27,Honda Sedan Brasil,SEDAN,0,2026-05-06 16:15:56.936372
2026-08-03,Honda Sedan Brasil,SEDAN,0,2026-05-06 16:15:56.936373
2026-08-10,Honda Sedan Brasil,SEDAN,0,2026-05-06 16:15:56.936374
2026-08-17,Honda Sedan Brasil,SEDAN,0,2026-05-06 16:15:56.936375
2026-08-24,Honda Sedan Brasil,SEDAN,0,2026-05-06 16:15:56.936376
2026-08-31,Honda Sedan Brasil,SEDAN,0,2026-05-06 16:15:56.936377
2026-09-07,Honda Sedan Brasil,SEDAN,0,2026-05-06 16:15:56.936378
2026-09-14,Honda Sedan Brasil,SEDAN,0,2026-05-06 16:15:56.936379
2026-09-21,Honda Sedan Brasil,SEDAN,0,2026-05-06 16:15:56.936380
2026-09-28,Honda Sedan Brasil,SEDAN,0,2026-05-06 16:15:56.936381
2026-10-05,Honda Sedan Brasil,SEDAN,0,2026-05-06 16:15:56.936381
2026-10-12,Honda Sedan Brasil,SEDAN,0,2026-05-06 16:15:56.936382
2026-10-19,Honda Sedan Brasil,SEDAN,0,2026-05-06 16:15:56.936383
2026-10-26,Honda Sedan Brasil,SEDAN,0,2026-05-06 16:15:56.936384
2026-11-02,Honda Sedan Brasil,SEDAN,0,2026-05-06 16:15:56.936385
2026-11-09,Honda Sedan Brasil,SEDAN,0,2026-05-06 16:15:56.936386
2026-11-16,Honda Sedan Brasil,SEDAN,84,2026-05-06 16:15:56.936387
2026-11-23,Honda Sedan Brasil,SEDAN,0,2026-05-06 16:15:56.936388
2026-11-30,Honda Sedan Brasil,SEDAN,0,2026-05-06 16:15:56.936390
2026-12-07,Honda Sedan Brasil,SEDAN,0,2026-05-06 16:15:56.936390
2026-12-14,Honda Sedan Brasil,SEDAN,0,2026-05-06 16:15:56.936391
2026-12-21,Honda Sedan Brasil,SEDAN,0,2026-05-06 16:15:56.936392
2026-01-04,Hyundai Sedan Brasil,SEDAN,0,2026-05-06 16:17:17.510142
2026-01-11,Hyundai Sedan Brasil,SEDAN,0,2026-05-06 16:17:17.510142
2026-01-18,Hyundai Sedan Brasil,SEDAN,0,2026-05-06 16:17:17.510143
2026-01-25,Hyundai Sedan Brasil,SEDAN,0,2026-05-06 16:17:17.510144
2026-02-01,Hyundai Sedan Brasil,SEDAN,0,2026-05-06 16:17:17.510145
2026-02-08,Hyundai Sedan Brasil,SEDAN,0,2026-05-06 16:17:17.510146
2026-02-15,Hyundai Sedan Brasil,SEDAN,0,2026-05-06 16:17:17.510147
2026-02-22,Hyundai Sedan Brasil,SEDAN,0,2026-05-06 16:17:17.510148
2026-03-01,Hyundai Sedan Brasil,SEDAN,0,2026-05-06 16:17:17.510149
2026-03-08,Hyundai Sedan Brasil,SEDAN,0,2026-05-06 16:17:17.510150
2026-03-15,Hyundai Sedan Brasil,SEDAN,0,2026-05-06 16:17:17.510150
2026-03-22,Hyundai Sedan Brasil,SEDAN,0,2026-05-06 16:17:17.510151
2026-03-29,Hyundai Sedan Brasil,SEDAN,0,2026-05-06 16:17:17.510152
2026-04-05,Hyundai Sedan Brasil,SEDAN,0,2026-05-06 16:17:17.510153
2026-04-12,Hyundai Sedan Brasil,SEDAN,0,2026-05-06 16:17:17.510154
2026-04-19,Hyundai Sedan Brasil,SEDAN,0,2026-05-06 16:17:17.510155
2026-04-26,Hyundai Sedan Brasil,SEDAN,100,2026-05-06 16:17:17.510156
2026-05-03,Hyundai Sedan Brasil,SEDAN,0,2026-05-06 16:17:17.510157
2026-05-04,Hyundai Sedan Brasil,SEDAN,0,2026-05-06 16:17:17.510096
2026-05-11,Hyundai Sedan Brasil,SEDAN,0,2026-05-06 16:17:17.510101
2026-05-18,Hyundai Sedan Brasil,SEDAN,0,2026-05-06 16:17:17.510102
2026-05-25,Hyundai Sedan Brasil,SEDAN,0,2026-05-06 16:17:17.510104
2026-06-01,Hyundai Sedan Brasil,SEDAN,0,2026-05-06 16:17:17.510104
2026-06-08,Hyundai Sedan Brasil,SEDAN,0,2026-05-06 16:17:17.510105
2026-06-15,Hyundai Sedan Brasil,SEDAN,0,2026-05-06 16:17:17.510106
2026-06-22,Hyundai Sedan Brasil,SEDAN,0,2026-05-06 16:17:17.510107
2026-06-29,Hyundai Sedan Brasil,SEDAN,0,2026-05-06 16:17:17.510108
2026-07-06,Hyundai Sedan Brasil,SEDAN,0,2026-05-06 16:17:17.510109
2026-07-13,Hyundai Sedan Brasil,SEDAN,0,2026-05-06 16:17:17.510110
2026-07-20,Hyundai Sedan Brasil,SEDAN,0,2026-05-06 16:17:17.510111
2026-07-27,Hyundai Sedan Brasil,SEDAN,0,2026-05-06 16:17:17.510111
2026-08-03,Hyundai Sedan Brasil,SEDAN,0,2026-05-06 16:17:17.510112
2026-08-10,Hyundai Sedan Brasil,SEDAN,0,2026-05-06 16:17:17.510113
2026-08-17,Hyundai Sedan Brasil,SEDAN,0,2026-05-06 16:17:17.510114
2026-08-24,Hyundai Sedan Brasil,SEDAN,0,2026-05-06 16:17:17.510115
2026-08-31,Hyundai Sedan Brasil,SEDAN,0,2026-05-06 16:17:17.510116
2026-09-07,Hyundai Sedan Brasil,SEDAN,0,2026-05-06 16:17:17.510117
2026-09-14,Hyundai Sedan Brasil,SEDAN,0,2026-05-06 16:17:17.510118
2026-09-21,Hyundai Sedan Brasil,SEDAN,0,2026-05-06 16:17:17.510118
2026-09-28,Hyundai Sedan Brasil,SEDAN,0,2026-05-06 16:17:17.510119
2026-10-05,Hyundai Sedan Brasil,SEDAN,0,2026-05-06 16:17:17.510130
2026-10-12,Hyundai Sedan Brasil,SEDAN,0,2026-05-06 16:17:17.510131
2026-10-19,Hyundai Sedan Brasil,SEDAN,0,2026-05-06 16:17:17.510132
2026-10-26,Hyundai Sedan Brasil,SEDAN,0,2026-05-06 16:17:17.510133
2026-11-02,Hyundai Sedan Brasil,SEDAN,0,2026-05-06 16:17:17.510134
2026-11-09,Hyundai Sedan Brasil,SEDAN,0,2026-05-06 16:17:17.510135
2026-11-16,Hyundai Sedan Brasil,SEDAN,0,2026-05-06 16:17:17.510135
2026-11-23,Hyundai Sedan Brasil,SEDAN,0,2026-05-06 16:17:17.510136
2026-11-30,Hyundai Sedan Brasil,SEDAN,0,2026-05-06 16:17:17.510137
2026-12-07,Hyundai Sedan Brasil,SEDAN,0,2026-05-06 16:17:17.510138
2026-12-14,Hyundai Sedan Brasil,SEDAN,0,2026-05-06 16:17:17.510139
2026-12-21,Hyundai Sedan Brasil,SEDAN,0,2026-05-06 16:17:17.510140
2026-01-04,Toyota Sedan Brasil,SEDAN,0,2026-05-06 16:15:09.875479
2026-01-11,Toyota Sedan Brasil,SEDAN,78,2026-05-06 16:15:09.875480
2026-01-18,Toyota Sedan Brasil,SEDAN,97,2026-05-06 16:15:09.875481
2026-01-25,Toyota Sedan Brasil,SEDAN,0,2026-05-06 16:15:09.875482
2026-02-01,Toyota Sedan Brasil,SEDAN,0,2026-05-06 16:15:09.875483
2026-02-08,Toyota Sedan Brasil,SEDAN,0,2026-05-06 16:15:09.875484
2026-02-15,Toyota Sedan Brasil,SEDAN,0,2026-05-06 16:15:09.875485
2026-02-22,Toyota Sedan Brasil,SEDAN,97,2026-05-06 16:15:09.875486
2026-03-01,Toyota Sedan Brasil,SEDAN,100,2026-05-06 16:15:09.875487
2026-03-08,Toyota Sedan Brasil,SEDAN,79,2026-05-06 16:15:09.875488
2026-03-15,Toyota Sedan Brasil,SEDAN,0,2026-05-06 16:15:09.875489
2026-03-22,Toyota Sedan Brasil,SEDAN,0,2026-05-06 16:15:09.875490
2026-03-29,Toyota Sedan Brasil,SEDAN,0,2026-05-06 16:15:09.875491
2026-04-05,Toyota Sedan Brasil,SEDAN,0,2026-05-06 16:15:09.875492
2026-04-12,Toyota Sedan Brasil,SEDAN,0,2026-05-06 16:15:09.875492
2026-04-19,Toyota Sedan Brasil,SEDAN,16,2026-05-06 16:15:09.875493
2026-04-26,Toyota Sedan Brasil,SEDAN,20,2026-05-06 16:15:09.875494
2026-05-03,Toyota Sedan Brasil,SEDAN,23,2026-05-06 16:15:09.875495
2026-05-04,Toyota Sedan Brasil,SEDAN,0,2026-05-06 16:15:09.875441
2026-05-11,Toyota Sedan Brasil,SEDAN,0,2026-05-06 16:15:09.875447
2026-05-18,Toyota Sedan Brasil,SEDAN,0,2026-05-06 16:15:09.875448
2026-05-25,Toyota Sedan Brasil,SEDAN,0,2026-05-06 16:15:09.875449
2026-06-01,Toyota Sedan Brasil,SEDAN,0,2026-05-06 16:15:09.875450
2026-06-08,Toyota Sedan Brasil,SEDAN,0,2026-05-06 16:15:09.875451
2026-06-15,Toyota Sedan Brasil,SEDAN,0,2026-05-06 16:15:09.875452
2026-06-22,Toyota Sedan Brasil,SEDAN,0,2026-05-06 16:15:09.875453
2026-06-29,Toyota Sedan Brasil,SEDAN,0,2026-05-06 16:15:09.875454
2026-07-06,Toyota Sedan Brasil,SEDAN,0,2026-05-06 16:15:09.875455
2026-07-13,Toyota Sedan Brasil,SEDAN,0,2026-05-06 16:15:09.875455
2026-07-20,Toyota Sedan Brasil,SEDAN,0,2026-05-06 16:15:09.875456
2026-07-27,Toyota Sedan Brasil,SEDAN,0,2026-05-06 16:15:09.875457
2026-08-03,Toyota Sedan Brasil,SEDAN,0,2026-05-06 16:15:09.875458
2026-08-10,Toyota Sedan Brasil,SEDAN,0,2026-05-06 16:15:09.875459
2026-08-17,Toyota Sedan Brasil,SEDAN,0,2026-05-06 16:15:09.875460
2026-08-24,Toyota Sedan Brasil,SEDAN,0,2026-05-06 16:15:09.875461
2026-08-31,Toyota Sedan Brasil,SEDAN,0,2026-05-06 16:15:09.875462
2026-09-07,Toyota Sedan Brasil,SEDAN,0,2026-05-06 16:15:09.875463
2026-09-14,Toyota Sedan Brasil,SEDAN,0,2026-05-06 16:15:09.875463
2026-09-21,Toyota Sedan Brasil,SEDAN,0,2026-05-06 16:15:09.875464
2026-09-28,Toyota Sedan Brasil,SEDAN,0,2026-05-06 16:15:09.875465
2026-10-05,Toyota Sedan Brasil,SEDAN,0,2026-05-06 16:15:09.875466
2026-10-12,Toyota Sedan Brasil,SEDAN,0,2026-05-06 16:15:09.875467
2026-10-19,Toyota Sedan Brasil,SEDAN,0,2026-05-06 16:15:09.875468
2026-10-26,Toyota Sedan Brasil,SEDAN,0,2026-05-06 16:15:09.875469
2026-11-02,Toyota Sedan Brasil,SEDAN,86,2026-05-06 16:15:09.875470
2026-11-09,Toyota Sedan Brasil,SEDAN,0,2026-05-06 16:15:09.875471
2026-11-16,Toyota Sedan Brasil,SEDAN,0,2026-05-06 16:15:09.875472
2026-11-23,Toyota Sedan Brasil,SEDAN,0,2026-05-06 16:15:09.875473
2026-11-30,Toyota Sedan Brasil,SEDAN,0,2026-05-06 16:15:09.875474
2026-12-07,Toyota Sedan Brasil,SEDAN,0,2026-05-06 16:15:09.875475
2026-12-14,Toyota Sedan Brasil,SEDAN,0,2026-05-06 16:15:09.875475
2026-12-21,Toyota Sedan Brasil,SEDAN,0,2026-05-06 16:15:09.875476
2026-01-04,Volkswagen Sedan Brasil,SEDAN,0,2026-05-06 16:17:04.524094
2026-01-11,Volkswagen Sedan Brasil,SEDAN,0,2026-05-06 16:17:04.524095
2026-01-18,Volkswagen Sedan Brasil,SEDAN,0,2026-05-06 16:17:04.524096
2026-01-25,Volkswagen Sedan Brasil,SEDAN,0,2026-05-06 16:17:04.524097
2026-02-01,Volkswagen Sedan Brasil,SEDAN,0,2026-05-06 16:17:04.524098
2026-02-08,Volkswagen Sedan Brasil,SEDAN,0,2026-05-06 16:17:04.524099
2026-02-15,Volkswagen Sedan Brasil,SEDAN,0,2026-05-06 16:17:04.524100
2026-02-22,Volkswagen Sedan Brasil,SEDAN,0,2026-05-06 16:17:04.524101
2026-03-01,Volkswagen Sedan Brasil,SEDAN,0,2026-05-06 16:17:04.524101
2026-03-08,Volkswagen Sedan Brasil,SEDAN,0,2026-05-06 16:17:04.524102
2026-03-15,Volkswagen Sedan Brasil,SEDAN,0,2026-05-06 16:17:04.524103
2026-03-22,Volkswagen Sedan Brasil,SEDAN,0,2026-05-06 16:17:04.524104
2026-03-29,Volkswagen Sedan Brasil,SEDAN,0,2026-05-06 16:17:04.524105
2026-04-05,Volkswagen Sedan Brasil,SEDAN,0,2026-05-06 16:17:04.524106
2026-04-12,Volkswagen Sedan Brasil,SEDAN,0,2026-05-06 16:17:04.524107
2026-04-19,Volkswagen Sedan Brasil,SEDAN,50,2026-05-06 16:17:04.524108
2026-04-26,Volkswagen Sedan Brasil,SEDAN,100,2026-05-06 16:17:04.524109
2026-05-03,Volkswagen Sedan Brasil,SEDAN,0,2026-05-06 16:17:04.524110
2026-05-04,Volkswagen Sedan Brasil,SEDAN,0,2026-05-06 16:17:04.524042
2026-05-11,Volkswagen Sedan Brasil,SEDAN,0,2026-05-06 16:17:04.524059
2026-05-18,Volkswagen Sedan Brasil,SEDAN,0,2026-05-06 16:17:04.524060
2026-05-25,Volkswagen Sedan Brasil,SEDAN,0,2026-05-06 16:17:04.524061
2026-06-01,Volkswagen Sedan Brasil,SEDAN,0,2026-05-06 16:17:04.524062
2026-06-08,Volkswagen Sedan Brasil,SEDAN,0,2026-05-06 16:17:04.524063
2026-06-15,Volkswagen Sedan Brasil,SEDAN,0,2026-05-06 16:17:04.524064
2026-06-22,Volkswagen Sedan Brasil,SEDAN,0,2026-05-06 16:17:04.524066
2026-06-29,Volkswagen Sedan Brasil,SEDAN,0,2026-05-06 16:17:04.524067
2026-07-06,Volkswagen Sedan Brasil,SEDAN,0,2026-05-06 16:17:04.524068
2026-07-13,Volkswagen Sedan Brasil,SEDAN,0,2026-05-06 16:17:04.524069
2026-07-20,Volkswagen Sedan Brasil,SEDAN,0,2026-05-06 16:17:04.524070
2026-07-27,Volkswagen Sedan Brasil,SEDAN,0,2026-05-06 16:17:04.524071
2026-08-03,Volkswagen Sedan Brasil,SEDAN,0,2026-05-06 16:17:04.524072
2026-08-10,Volkswagen Sedan Brasil,SEDAN,0,2026-05-06 16:17:04.524073
2026-08-17,Volkswagen Sedan Brasil,SEDAN,0,2026-05-06 16:17:04.524074
2026-08-24,Volkswagen Sedan Brasil,SEDAN,0,2026-05-06 16:17:04.524075
2026-08-31,Volkswagen Sedan Brasil,SEDAN,0,2026-05-06 16:17:04.524076
2026-09-07,Volkswagen Sedan Brasil,SEDAN,0,2026-05-06 16:17:04.524077
2026-09-14,Volkswagen Sedan Brasil,SEDAN,0,2026-05-06 16:17:04.524078
2026-09-21,Volkswagen Sedan Brasil,SEDAN,0,2026-05-06 16:17:04.524079
2026-09-28,Volkswagen Sedan Brasil,SEDAN,0,2026-05-06 16:17:04.524080
2026-10-05,Volkswagen Sedan Brasil,SEDAN,0,2026-05-06 16:17:04.524081
2026-10-12,Volkswagen Sedan Brasil,SEDAN,0,2026-05-06 16:17:04.524082
2026-10-19,Volkswagen Sedan Brasil,SEDAN,0,2026-05-06 16:17:04.524083
2026-10-26,Volkswagen Sedan Brasil,SEDAN,0,2026-05-06 16:17:04.524084
2026-11-02,Volkswagen Sedan Brasil,SEDAN,0,2026-05-06 16:17:04.524085
2026-11-09,Volkswagen Sedan Brasil,SEDAN,0,2026-05-06 16:17:04.524086
2026-11-16,Volkswagen Sedan Brasil,SEDAN,0,2026-05-06 16:17:04.524087
2026-11-23,Volkswagen Sedan Brasil,SEDAN,0,2026-05-06 16:17:04.524087
2026-11-30,Volkswagen Sedan Brasil,SEDAN,0,2026-05-06 16:17:04.524088
2026-12-07,Volkswagen Sedan Brasil,SEDAN,0,2026-05-06 16:17:04.524089
2026-12-14,Volkswagen Sedan Brasil,SEDAN,0,2026-05-06 16:17:04.524090
2026-12-21,Volkswagen Sedan Brasil,SEDAN,0,2026-05-06 16:17:04.524093
2026-01-04,Chevrolet SUV Brasil,SUV,85,2026-05-06 16:14:13.134869
2026-01-11,Chevrolet SUV Brasil,SUV,0,2026-05-06 16:14:13.134870
2026-01-18,Chevrolet SUV Brasil,SUV,100,2026-05-06 16:14:13.134871
2026-01-25,Chevrolet SUV Brasil,SUV,73,2026-05-06 16:14:13.134872
2026-02-01,Chevrolet SUV Brasil,SUV,0,2026-05-06 16:14:13.134873
2026-02-08,Chevrolet SUV Brasil,SUV,0,2026-05-06 16:14:13.134874
2026-02-15,Chevrolet SUV Brasil,SUV,0,2026-05-06 16:14:13.134874
2026-02-22,Chevrolet SUV Brasil,SUV,0,2026-05-06 16:14:13.134875
2026-03-01,Chevrolet SUV Brasil,SUV,0,2026-05-06 16:14:13.134876
2026-03-08,Chevrolet SUV Brasil,SUV,0,2026-05-06 16:14:13.134877
2026-03-15,Chevrolet SUV Brasil,SUV,0,2026-05-06 16:14:13.134878
2026-03-22,Chevrolet SUV Brasil,SUV,0,2026-05-06 16:14:13.134879
2026-03-29,Chevrolet SUV Brasil,SUV,0,2026-05-06 16:14:13.134880
2026-04-05,Chevrolet SUV Brasil,SUV,0,2026-05-06 16:14:13.134881
2026-04-12,Chevrolet SUV Brasil,SUV,0,2026-05-06 16:14:13.134882
2026-04-19,Chevrolet SUV Brasil,SUV,23,2026-05-06 16:14:13.134883
2026-04-26,Chevrolet SUV Brasil,SUV,31,2026-05-06 16:14:13.134884
2026-05-03,Chevrolet SUV Brasil,SUV,30,2026-05-06 16:14:13.134885
2026-05-04,Chevrolet SUV Brasil,SUV,0,2026-05-06 16:14:13.134823
2026-05-11,Chevrolet SUV Brasil,SUV,0,2026-05-06 16:14:13.134832
2026-05-18,Chevrolet SUV Brasil,SUV,0,2026-05-06 16:14:13.134834
2026-05-25,Chevrolet SUV Brasil,SUV,0,2026-05-06 16:14:13.134836
2026-06-01,Chevrolet SUV Brasil,SUV,0,2026-05-06 16:14:13.134837
2026-06-08,Chevrolet SUV Brasil,SUV,0,2026-05-06 16:14:13.134839
2026-06-15,Chevrolet SUV Brasil,SUV,0,2026-05-06 16:14:13.134840
2026-06-22,Chevrolet SUV Brasil,SUV,0,2026-05-06 16:14:13.134842
2026-06-29,Chevrolet SUV Brasil,SUV,0,2026-05-06 16:14:13.134843
2026-07-06,Chevrolet SUV Brasil,SUV,0,2026-05-06 16:14:13.134844
2026-07-13,Chevrolet SUV Brasil,SUV,0,2026-05-06 16:14:13.134845
2026-07-20,Chevrolet SUV Brasil,SUV,0,2026-05-06 16:14:13.134845
2026-07-27,Chevrolet SUV Brasil,SUV,0,2026-05-06 16:14:13.134846
2026-08-03,Chevrolet SUV Brasil,SUV,0,2026-05-06 16:14:13.134847
2026-08-10,Chevrolet SUV Brasil,SUV,0,2026-05-06 16:14:13.134848
2026-08-17,Chevrolet SUV Brasil,SUV,0,2026-05-06 16:14:13.134849
2026-08-24,Chevrolet SUV Brasil,SUV,0,2026-05-06 16:14:13.134850
2026-08-31,Chevrolet SUV Brasil,SUV,0,2026-05-06 16:14:13.134851
2026-09-07,Chevrolet SUV Brasil,SUV,0,2026-05-06 16:14:13.134852
2026-09-14,Chevrolet SUV Brasil,SUV,0,2026-05-06 16:14:13.134853
2026-09-21,Chevrolet SUV Brasil,SUV,0,2026-05-06 16:14:13.134853
2026-09-28,Chevrolet SUV Brasil,SUV,0,2026-05-06 16:14:13.134856
2026-10-05,Chevrolet SUV Brasil,SUV,0,2026-05-06 16:14:13.134857
2026-10-12,Chevrolet SUV Brasil,SUV,0,2026-05-06 16:14:13.134858
2026-10-19,Chevrolet SUV Brasil,SUV,0,2026-05-06 16:14:13.134858
2026-10-26,Chevrolet SUV Brasil,SUV,0,2026-05-06 16:14:13.134859
2026-11-02,Chevrolet SUV Brasil,SUV,0,2026-05-06 16:14:13.134860
2026-11-09,Chevrolet SUV Brasil,SUV,0,2026-05-06 16:14:13.134861
2026-11-16,Chevrolet SUV Brasil,SUV,0,2026-05-06 16:14:13.134862
2026-11-23,Chevrolet SUV Brasil,SUV,0,2026-05-06 16:14:13.134863
2026-11-30,Chevrolet SUV Brasil,SUV,0,2026-05-06 16:14:13.134864
2026-12-07,Chevrolet SUV Brasil,SUV,0,2026-05-06 16:14:13.134865
2026-12-14,Chevrolet SUV Brasil,SUV,0,2026-05-06 16:14:13.134866
2026-12-21,Chevrolet SUV Brasil,SUV,0,2026-05-06 16:14:13.134867
2026-01-04,Honda SUV Brasil,SUV,0,2026-05-06 16:13:54.312712
2026-01-11,Honda SUV Brasil,SUV,65,2026-05-06 16:13:54.312713
2026-01-18,Honda SUV Brasil,SUV,86,2026-05-06 16:13:54.312714
2026-01-25,Honda SUV Brasil,SUV,76,2026-05-06 16:13:54.312715
2026-02-01,Honda SUV Brasil,SUV,65,2026-05-06 16:13:54.312716
2026-02-08,Honda SUV Brasil,SUV,72,2026-05-06 16:13:54.312717
2026-02-15,Honda SUV Brasil,SUV,91,2026-05-06 16:13:54.312718
2026-02-22,Honda SUV Brasil,SUV,84,2026-05-06 16:13:54.312719
2026-03-01,Honda SUV Brasil,SUV,0,2026-05-06 16:13:54.312720
2026-03-08,Honda SUV Brasil,SUV,63,2026-05-06 16:13:54.312721
2026-03-15,Honda SUV Brasil,SUV,0,2026-05-06 16:13:54.312722
2026-03-22,Honda SUV Brasil,SUV,63,2026-05-06 16:13:54.312723
2026-03-29,Honda SUV Brasil,SUV,0,2026-05-06 16:13:54.312724
2026-04-05,Honda SUV Brasil,SUV,0,2026-05-06 16:13:54.312725
2026-04-12,Honda SUV Brasil,SUV,67,2026-05-06 16:13:54.312725
2026-04-19,Honda SUV Brasil,SUV,21,2026-05-06 16:13:54.312727
2026-04-26,Honda SUV Brasil,SUV,29,2026-05-06 16:13:54.312727
2026-05-03,Honda SUV Brasil,SUV,21,2026-05-06 16:13:54.312728
2026-05-04,Honda SUV Brasil,SUV,0,2026-05-06 16:13:54.312671
2026-05-11,Honda SUV Brasil,SUV,0,2026-05-06 16:13:54.312680
2026-05-18,Honda SUV Brasil,SUV,78,2026-05-06 16:13:54.312681
2026-05-25,Honda SUV Brasil,SUV,0,2026-05-06 16:13:54.312682
2026-06-01,Honda SUV Brasil,SUV,0,2026-05-06 16:13:54.312683
2026-06-08,Honda SUV Brasil,SUV,0,2026-05-06 16:13:54.312684
2026-06-15,Honda SUV Brasil,SUV,0,2026-05-06 16:13:54.312685
2026-06-22,Honda SUV Brasil,SUV,0,2026-05-06 16:13:54.312685
2026-06-29,Honda SUV Brasil,SUV,0,2026-05-06 16:13:54.312686
2026-07-06,Honda SUV Brasil,SUV,0,2026-05-06 16:13:54.312687
2026-07-13,Honda SUV Brasil,SUV,0,2026-05-06 16:13:54.312688
2026-07-20,Honda SUV Brasil,SUV,0,2026-05-06 16:13:54.312689
2026-07-27,Honda SUV Brasil,SUV,0,2026-05-06 16:13:54.312690
2026-08-03,Honda SUV Brasil,SUV,0,2026-05-06 16:13:54.312691
2026-08-10,Honda SUV Brasil,SUV,0,2026-05-06 16:13:54.312693
2026-08-17,Honda SUV Brasil,SUV,0,2026-05-06 16:13:54.312694
2026-08-24,Honda SUV Brasil,SUV,85,2026-05-06 16:13:54.312695
2026-08-31,Honda SUV Brasil,SUV,0,2026-05-06 16:13:54.312696
2026-09-07,Honda SUV Brasil,SUV,0,2026-05-06 16:13:54.312697
2026-09-14,Honda SUV Brasil,SUV,0,2026-05-06 16:13:54.312698
2026-09-21,Honda SUV Brasil,SUV,0,2026-05-06 16:13:54.312699
2026-09-28,Honda SUV Brasil,SUV,0,2026-05-06 16:13:54.312699
2026-10-05,Honda SUV Brasil,SUV,0,2026-05-06 16:13:54.312700
2026-10-12,Honda SUV Brasil,SUV,0,2026-05-06 16:13:54.312701
2026-10-19,Honda SUV Brasil,SUV,0,2026-05-06 16:13:54.312702
2026-10-26,Honda SUV Brasil,SUV,0,2026-05-06 16:13:54.312703
2026-11-02,Honda SUV Brasil,SUV,0,2026-05-06 16:13:54.312704
2026-11-09,Honda SUV Brasil,SUV,0,2026-05-06 16:13:54.312705
2026-11-16,Honda SUV Brasil,SUV,0,2026-05-06 16:13:54.312706
2026-11-23,Honda SUV Brasil,SUV,0,2026-05-06 16:13:54.312707
2026-11-30,Honda SUV Brasil,SUV,95,2026-05-06 16:13:54.312708
2026-12-07,Honda SUV Brasil,SUV,100,2026-05-06 16:13:54.312709
2026-12-14,Honda SUV Brasil,SUV,0,2026-05-06 16:13:54.312709
2026-12-21,Honda SUV Brasil,SUV,85,2026-05-06 16:13:54.312710
2026-01-04,Hyundai SUV Brasil,SUV,0,2026-05-06 16:14:23.876640
2026-01-11,Hyundai SUV Brasil,SUV,85,2026-05-06 16:14:23.876640
2026-01-18,Hyundai SUV Brasil,SUV,97,2026-05-06 16:14:23.876641
2026-01-25,Hyundai SUV Brasil,SUV,0,2026-05-06 16:14:23.876642
2026-02-01,Hyundai SUV Brasil,SUV,78,2026-05-06 16:14:23.876643
2026-02-08,Hyundai SUV Brasil,SUV,70,2026-05-06 16:14:23.876644
2026-02-15,Hyundai SUV Brasil,SUV,100,2026-05-06 16:14:23.876645
2026-02-22,Hyundai SUV Brasil,SUV,0,2026-05-06 16:14:23.876646
2026-03-01,Hyundai SUV Brasil,SUV,0,2026-05-06 16:14:23.876647
2026-03-08,Hyundai SUV Brasil,SUV,0,2026-05-06 16:14:23.876649
2026-03-15,Hyundai SUV Brasil,SUV,62,2026-05-06 16:14:23.876650
2026-03-22,Hyundai SUV Brasil,SUV,0,2026-05-06 16:14:23.876650
2026-03-29,Hyundai SUV Brasil,SUV,0,2026-05-06 16:14:23.876651
2026-04-05,Hyundai SUV Brasil,SUV,0,2026-05-06 16:14:23.876652
2026-04-12,Hyundai SUV Brasil,SUV,0,2026-05-06 16:14:23.876653
2026-04-19,Hyundai SUV Brasil,SUV,15,2026-05-06 16:14:23.876654
2026-04-26,Hyundai SUV Brasil,SUV,25,2026-05-06 16:14:23.876655
2026-05-03,Hyundai SUV Brasil,SUV,17,2026-05-06 16:14:23.876656
2026-05-04,Hyundai SUV Brasil,SUV,0,2026-05-06 16:14:23.876599
2026-05-11,Hyundai SUV Brasil,SUV,0,2026-05-06 16:14:23.876608
2026-05-18,Hyundai SUV Brasil,SUV,0,2026-05-06 16:14:23.876609
2026-05-25,Hyundai SUV Brasil,SUV,0,2026-05-06 16:14:23.876610
2026-06-01,Hyundai SUV Brasil,SUV,0,2026-05-06 16:14:23.876611
2026-06-08,Hyundai SUV Brasil,SUV,0,2026-05-06 16:14:23.876612
2026-06-15,Hyundai SUV Brasil,SUV,0,2026-05-06 16:14:23.876613
2026-06-22,Hyundai SUV Brasil,SUV,0,2026-05-06 16:14:23.876614
2026-06-29,Hyundai SUV Brasil,SUV,0,2026-05-06 16:14:23.876615
2026-07-06,Hyundai SUV Brasil,SUV,0,2026-05-06 16:14:23.876616
2026-07-13,Hyundai SUV Brasil,SUV,0,2026-05-06 16:14:23.876616
2026-07-20,Hyundai SUV Brasil,SUV,0,2026-05-06 16:14:23.876617
2026-07-27,Hyundai SUV Brasil,SUV,0,2026-05-06 16:14:23.876618
2026-08-03,Hyundai SUV Brasil,SUV,0,2026-05-06 16:14:23.876619
2026-08-10,Hyundai SUV Brasil,SUV,89,2026-05-06 16:14:23.876620
2026-08-17,Hyundai SUV Brasil,SUV,0,2026-05-06 16:14:23.876621
2026-08-24,Hyundai SUV Brasil,SUV,0,2026-05-06 16:14:23.876622
2026-08-31,Hyundai SUV Brasil,SUV,0,2026-05-06 16:14:23.876623
2026-09-07,Hyundai SUV Brasil,SUV,0,2026-05-06 16:14:23.876624
2026-09-14,Hyundai SUV Brasil,SUV,0,2026-05-06 16:14:23.876625
2026-09-21,Hyundai SUV Brasil,SUV,0,2026-05-06 16:14:23.876626
2026-09-28,Hyundai SUV Brasil,SUV,0,2026-05-06 16:14:23.876627
2026-10-05,Hyundai SUV Brasil,SUV,0,2026-05-06 16:14:23.876628
2026-10-12,Hyundai SUV Brasil,SUV,0,2026-05-06 16:14:23.876629
2026-10-19,Hyundai SUV Brasil,SUV,0,2026-05-06 16:14:23.876630
2026-10-26,Hyundai SUV Brasil,SUV,68,2026-05-06 16:14:23.876630
2026-11-02,Hyundai SUV Brasil,SUV,0,2026-05-06 16:14:23.876631
2026-11-09,Hyundai SUV Brasil,SUV,0,2026-05-06 16:14:23.876632
2026-11-16,Hyundai SUV Brasil,SUV,0,2026-05-06 16:14:23.876633
2026-11-23,Hyundai SUV Brasil,SUV,0,2026-05-06 16:14:23.876634
2026-11-30,Hyundai SUV Brasil,SUV,90,2026-05-06 16:14:23.876635
2026-12-07,Hyundai SUV Brasil,SUV,95,2026-05-06 16:14:23.876636
2026-12-14,Hyundai SUV Brasil,SUV,68,2026-05-06 16:14:23.876637
2026-12-21,Hyundai SUV Brasil,SUV,0,2026-05-06 16:14:23.876638
2026-01-04,Jeep SUV Brasil,SUV,0,2026-05-06 16:12:58.003902
2026-01-11,Jeep SUV Brasil,SUV,0,2026-05-06 16:12:58.003902
2026-01-18,Jeep SUV Brasil,SUV,67,2026-05-06 16:12:58.003903
2026-01-25,Jeep SUV Brasil,SUV,63,2026-05-06 16:12:58.003904
2026-02-01,Jeep SUV Brasil,SUV,73,2026-05-06 16:12:58.003905
2026-02-08,Jeep SUV Brasil,SUV,0,2026-05-06 16:12:58.003906
2026-02-15,Jeep SUV Brasil,SUV,55,2026-05-06 16:12:58.003907
2026-02-22,Jeep SUV Brasil,SUV,0,2026-05-06 16:12:58.003908
2026-03-01,Jeep SUV Brasil,SUV,51,2026-05-06 16:12:58.003909
2026-03-08,Jeep SUV Brasil,SUV,0,2026-05-06 16:12:58.003910
2026-03-15,Jeep SUV Brasil,SUV,50,2026-05-06 16:12:58.003911
2026-03-22,Jeep SUV Brasil,SUV,50,2026-05-06 16:12:58.003912
2026-03-29,Jeep SUV Brasil,SUV,0,2026-05-06 16:12:58.003913
2026-04-05,Jeep SUV Brasil,SUV,0,2026-05-06 16:12:58.003914
2026-04-12,Jeep SUV Brasil,SUV,0,2026-05-06 16:12:58.003915
2026-04-19,Jeep SUV Brasil,SUV,16,2026-05-06 16:12:58.003916
2026-04-26,Jeep SUV Brasil,SUV,28,2026-05-06 16:12:58.003917
2026-05-03,Jeep SUV Brasil,SUV,23,2026-05-06 16:12:58.003918
2026-05-04,Jeep SUV Brasil,SUV,0,2026-05-06 16:12:58.003861
2026-05-11,Jeep SUV Brasil,SUV,0,2026-05-06 16:12:58.003869
2026-05-18,Jeep SUV Brasil,SUV,0,2026-05-06 16:12:58.003871
2026-05-25,Jeep SUV Brasil,SUV,0,2026-05-06 16:12:58.003872
2026-06-01,Jeep SUV Brasil,SUV,0,2026-05-06 16:12:58.003873
2026-06-08,Jeep SUV Brasil,SUV,0,2026-05-06 16:12:58.003874
2026-06-15,Jeep SUV Brasil,SUV,0,2026-05-06 16:12:58.003875
2026-06-22,Jeep SUV Brasil,SUV,0,2026-05-06 16:12:58.003876
2026-06-29,Jeep SUV Brasil,SUV,0,2026-05-06 16:12:58.003876
2026-07-06,Jeep SUV Brasil,SUV,61,2026-05-06 16:12:58.003877
2026-07-13,Jeep SUV Brasil,SUV,88,2026-05-06 16:12:58.003879
2026-07-20,Jeep SUV Brasil,SUV,0,2026-05-06 16:12:58.003880
2026-07-27,Jeep SUV Brasil,SUV,0,2026-05-06 16:12:58.003880
2026-08-03,Jeep SUV Brasil,SUV,0,2026-05-06 16:12:58.003881
2026-08-10,Jeep SUV Brasil,SUV,0,2026-05-06 16:12:58.003882
2026-08-17,Jeep SUV Brasil,SUV,0,2026-05-06 16:12:58.003883
2026-08-24,Jeep SUV Brasil,SUV,0,2026-05-06 16:12:58.003884
2026-08-31,Jeep SUV Brasil,SUV,0,2026-05-06 16:12:58.003885
2026-09-07,Jeep SUV Brasil,SUV,0,2026-05-06 16:12:58.003886
2026-09-14,Jeep SUV Brasil,SUV,0,2026-05-06 16:12:58.003887
2026-09-21,Jeep SUV Brasil,SUV,0,2026-05-06 16:12:58.003888
2026-09-28,Jeep SUV Brasil,SUV,0,2026-05-06 16:12:58.003889
2026-10-05,Jeep SUV Brasil,SUV,0,2026-05-06 16:12:58.003889
2026-10-12,Jeep SUV Brasil,SUV,0,2026-05-06 16:12:58.003890
2026-10-19,Jeep SUV Brasil,SUV,54,2026-05-06 16:12:58.003891
2026-10-26,Jeep SUV Brasil,SUV,0,2026-05-06 16:12:58.003892
2026-11-02,Jeep SUV Brasil,SUV,0,2026-05-06 16:12:58.003893
2026-11-09,Jeep SUV Brasil,SUV,0,2026-05-06 16:12:58.003894
2026-11-16,Jeep SUV Brasil,SUV,0,2026-05-06 16:12:58.003895
2026-11-23,Jeep SUV Brasil,SUV,0,2026-05-06 16:12:58.003896
2026-11-30,Jeep SUV Brasil,SUV,100,2026-05-06 16:12:58.003897
2026-12-07,Jeep SUV Brasil,SUV,0,2026-05-06 16:12:58.003898
2026-12-14,Jeep SUV Brasil,SUV,77,2026-05-06 16:12:58.003898
2026-12-21,Jeep SUV Brasil,SUV,0,2026-05-06 16:12:58.003900
2026-01-04,Toyota SUV Brasil,SUV,0,2026-05-06 16:13:02.938166
2026-01-11,Toyota SUV Brasil,SUV,41,2026-05-06 16:13:02.938167
2026-01-18,Toyota SUV Brasil,SUV,96,2026-05-06 16:13:02.938168
2026-01-25,Toyota SUV Brasil,SUV,57,2026-05-06 16:13:02.938168
2026-02-01,Toyota SUV Brasil,SUV,100,2026-05-06 16:13:02.938169
2026-02-08,Toyota SUV Brasil,SUV,45,2026-05-06 16:13:02.938171
2026-02-15,Toyota SUV Brasil,SUV,86,2026-05-06 16:13:02.938172
2026-02-22,Toyota SUV Brasil,SUV,63,2026-05-06 16:13:02.938173
2026-03-01,Toyota SUV Brasil,SUV,0,2026-05-06 16:13:02.938174
2026-03-08,Toyota SUV Brasil,SUV,49,2026-05-06 16:13:02.938175
2026-03-15,Toyota SUV Brasil,SUV,81,2026-05-06 16:13:02.938175
2026-03-22,Toyota SUV Brasil,SUV,41,2026-05-06 16:13:02.938176
2026-03-29,Toyota SUV Brasil,SUV,40,2026-05-06 16:13:02.938177
2026-04-05,Toyota SUV Brasil,SUV,47,2026-05-06 16:13:02.938178
2026-04-12,Toyota SUV Brasil,SUV,46,2026-05-06 16:13:02.938179
2026-04-19,Toyota SUV Brasil,SUV,13,2026-05-06 16:13:02.938180
2026-04-26,Toyota SUV Brasil,SUV,25,2026-05-06 16:13:02.938181
2026-05-03,Toyota SUV Brasil,SUV,18,2026-05-06 16:13:02.938182
2026-05-04,Toyota SUV Brasil,SUV,0,2026-05-06 16:13:02.938128
2026-05-11,Toyota SUV Brasil,SUV,0,2026-05-06 16:13:02.938134
2026-05-18,Toyota SUV Brasil,SUV,44,2026-05-06 16:13:02.938135
2026-05-25,Toyota SUV Brasil,SUV,0,2026-05-06 16:13:02.938136
2026-06-01,Toyota SUV Brasil,SUV,0,2026-05-06 16:13:02.938137
2026-06-08,Toyota SUV Brasil,SUV,51,2026-05-06 16:13:02.938138
2026-06-15,Toyota SUV Brasil,SUV,0,2026-05-06 16:13:02.938139
2026-06-22,Toyota SUV Brasil,SUV,0,2026-05-06 16:13:02.938140
2026-06-29,Toyota SUV Brasil,SUV,0,2026-05-06 16:13:02.938141
2026-07-06,Toyota SUV Brasil,SUV,0,2026-05-06 16:13:02.938142
2026-07-13,Toyota SUV Brasil,SUV,0,2026-05-06 16:13:02.938143
2026-07-20,Toyota SUV Brasil,SUV,0,2026-05-06 16:13:02.938143
2026-07-27,Toyota SUV Brasil,SUV,0,2026-05-06 16:13:02.938145
2026-08-03,Toyota SUV Brasil,SUV,0,2026-05-06 16:13:02.938146
2026-08-10,Toyota SUV Brasil,SUV,0,2026-05-06 16:13:02.938146
2026-08-17,Toyota SUV Brasil,SUV,0,2026-05-06 16:13:02.938147
2026-08-24,Toyota SUV Brasil,SUV,0,2026-05-06 16:13:02.938148
2026-08-31,Toyota SUV Brasil,SUV,0,2026-05-06 16:13:02.938149
2026-09-07,Toyota SUV Brasil,SUV,0,2026-05-06 16:13:02.938150
2026-09-14,Toyota SUV Brasil,SUV,0,2026-05-06 16:13:02.938151
2026-09-21,Toyota SUV Brasil,SUV,0,2026-05-06 16:13:02.938152
2026-09-28,Toyota SUV Brasil,SUV,0,2026-05-06 16:13:02.938153
2026-10-05,Toyota SUV Brasil,SUV,68,2026-05-06 16:13:02.938154
2026-10-12,Toyota SUV Brasil,SUV,0,2026-05-06 16:13:02.938155
2026-10-19,Toyota SUV Brasil,SUV,0,2026-05-06 16:13:02.938156
2026-10-26,Toyota SUV Brasil,SUV,0,2026-05-06 16:13:02.938157
2026-11-02,Toyota SUV Brasil,SUV,0,2026-05-06 16:13:02.938158
2026-11-09,Toyota SUV Brasil,SUV,0,2026-05-06 16:13:02.938159
2026-11-16,Toyota SUV Brasil,SUV,52,2026-05-06 16:13:02.938160
2026-11-23,Toyota SUV Brasil,SUV,87,2026-05-06 16:13:02.938161
2026-11-30,Toyota SUV Brasil,SUV,82,2026-05-06 16:13:02.938161
2026-12-07,Toyota SUV Brasil,SUV,58,2026-05-06 16:13:02.938162
2026-12-14,Toyota SUV Brasil,SUV,69,2026-05-06 16:13:02.938163
2026-12-21,Toyota SUV Brasil,SUV,0,2026-05-06 16:13:02.938164
2026-01-04,Volkswagen SUV Brasil,SUV,0,2026-05-06 16:13:13.032923
2026-01-11,Volkswagen SUV Brasil,SUV,0,2026-05-06 16:13:13.032925
2026-01-18,Volkswagen SUV Brasil,SUV,100,2026-05-06 16:13:13.032927
2026-01-25,Volkswagen SUV Brasil,SUV,100,2026-05-06 16:13:13.032929
2026-02-01,Volkswagen SUV Brasil,SUV,0,2026-05-06 16:13:13.032931
2026-02-08,Volkswagen SUV Brasil,SUV,0,2026-05-06 16:13:13.032933
2026-02-15,Volkswagen SUV Brasil,SUV,0,2026-05-06 16:13:13.032934
2026-02-22,Volkswagen SUV Brasil,SUV,0,2026-05-06 16:13:13.032936
2026-03-01,Volkswagen SUV Brasil,SUV,0,2026-05-06 16:13:13.032940
2026-03-08,Volkswagen SUV Brasil,SUV,0,2026-05-06 16:13:13.032942
2026-03-15,Volkswagen SUV Brasil,SUV,0,2026-05-06 16:13:13.032943
2026-03-22,Volkswagen SUV Brasil,SUV,0,2026-05-06 16:13:13.032945
2026-03-29,Volkswagen SUV Brasil,SUV,0,2026-05-06 16:13:13.032947
2026-04-05,Volkswagen SUV Brasil,SUV,0,2026-05-06 16:13:13.032949
2026-04-12,Volkswagen SUV Brasil,SUV,0,2026-05-06 16:13:13.032951
2026-04-19,Volkswagen SUV Brasil,SUV,19,2026-05-06 16:13:13.032953
2026-04-26,Volkswagen SUV Brasil,SUV,31,2026-05-06 16:13:13.032955
2026-05-03,Volkswagen SUV Brasil,SUV,15,2026-05-06 16:13:13.032957
2026-05-04,Volkswagen SUV Brasil,SUV,0,2026-05-06 16:13:13.032833
2026-05-11,Volkswagen SUV Brasil,SUV,0,2026-05-06 16:13:13.032843
2026-05-18,Volkswagen SUV Brasil,SUV,0,2026-05-06 16:13:13.032846
2026-05-25,Volkswagen SUV Brasil,SUV,0,2026-05-06 16:13:13.032849
2026-06-01,Volkswagen SUV Brasil,SUV,0,2026-05-06 16:13:13.032851
2026-06-08,Volkswagen SUV Brasil,SUV,0,2026-05-06 16:13:13.032853
2026-06-15,Volkswagen SUV Brasil,SUV,0,2026-05-06 16:13:13.032855
2026-06-22,Volkswagen SUV Brasil,SUV,0,2026-05-06 16:13:13.032858
2026-06-29,Volkswagen SUV Brasil,SUV,0,2026-05-06 16:13:13.032859
2026-07-06,Volkswagen SUV Brasil,SUV,0,2026-05-06 16:13:13.032861
2026-07-13,Volkswagen SUV Brasil,SUV,0,2026-05-06 16:13:13.032864
2026-07-20,Volkswagen SUV Brasil,SUV,0,2026-05-06 16:13:13.032866
2026-07-27,Volkswagen SUV Brasil,SUV,0,2026-05-06 16:13:13.032868
2026-08-03,Volkswagen SUV Brasil,SUV,0,2026-05-06 16:13:13.032870
2026-08-10,Volkswagen SUV Brasil,SUV,0,2026-05-06 16:13:13.032873
2026-08-17,Volkswagen SUV Brasil,SUV,0,2026-05-06 16:13:13.032875
2026-08-24,Volkswagen SUV Brasil,SUV,0,2026-05-06 16:13:13.032877
2026-08-31,Volkswagen SUV Brasil,SUV,0,2026-05-06 16:13:13.032879
2026-09-07,Volkswagen SUV Brasil,SUV,0,2026-05-06 16:13:13.032882
2026-09-14,Volkswagen SUV Brasil,SUV,0,2026-05-06 16:13:13.032884
2026-09-21,Volkswagen SUV Brasil,SUV,0,2026-05-06 16:13:13.032886
2026-09-28,Volkswagen SUV Brasil,SUV,0,2026-05-06 16:13:13.032888
2026-10-05,Volkswagen SUV Brasil,SUV,0,2026-05-06 16:13:13.032890
2026-10-12,Volkswagen SUV Brasil,SUV,0,2026-05-06 16:13:13.032895
2026-10-19,Volkswagen SUV Brasil,SUV,0,2026-05-06 16:13:13.032897
2026-10-26,Volkswagen SUV Brasil,SUV,0,2026-05-06 16:13:13.032900
2026-11-02,Volkswagen SUV Brasil,SUV,0,2026-05-06 16:13:13.032902
2026-11-09,Volkswagen SUV Brasil,SUV,0,2026-05-06 16:13:13.032905
2026-11-16,Volkswagen SUV Brasil,SUV,0,2026-05-06 16:13:13.032907
2026-11-23,Volkswagen SUV Brasil,SUV,0,2026-05-06 16:13:13.032909
2026-11-30,Volkswagen SUV Brasil,SUV,94,2026-05-06 16:13:13.032912
2026-12-07,Volkswagen SUV Brasil,SUV,0,2026-05-06 16:13:13.032914
2026-12-14,Volkswagen SUV Brasil,SUV,0,2026-05-06 16:13:13.032917
2026-12-21,Volkswagen SUV Brasil,SUV,0,2026-05-06 16:13:13.032919
